x,y,t_proj,residual
88.364456,57.784378,36.786659025660214,3.0187966704348246e-06
74.283936,54.40678,22.903768242445047,2.6353774541739073e-06
60.256474,46.311462,6.707972589149347,2.993177190098942e-06
82.13437,57.717567,31.357838604058053,3.364149985263744e-07
101.03639,67.84934,52.79336083821107,6.777133702927976e-06
69.284134,48.406086,15.573468028740777,9.501524899737245e-07
77.81013,57.588833,27.5485697995778,1.7336815395701128e-06
91.29688,63.03135,41.94970142574044,6.373236443659686e-06
107.66841,65.91405,57.56920980838669,7.21356789720987e-07
76.40689,56.871525,25.9746741705263,1.7457974017729956e-06
72.313515,51.168285,19.578087815018808,9.738691660746474e-07
100.56871,68.07376,52.500539461031465,2.849185359707169e-06
85.40742,57.31956,33.99338043313635,3.213954739328915e-07
65.73637,47.454475,12.025208058467545,7.748571377736471e-07
78.559,57.776672,28.291028599682413,1.211409013847532e-06
102.01643,67.376236,53.40554516626914,3.0874739562305967e-06
92.44081,67.234024,45.0417039742895,1.3413911269857566e-06
102.319664,67.23141,53.59573387268911,6.523080708817528e-06
73.051186,52.32614,20.795856345522598,1.9512582691092147e-06
70.23932,48.974834,16.685057012805363,4.094544693364398e-06
88.56056,57.891556,37.01007822969995,1.666171266020161e-06
91.96877,65.819046,43.92541917477867,3.008826802416954e-06
86.83264,57.347816,35.241785261586315,5.1257815928142e-07
92.62934,67.65634,45.41613524891607,1.2757262126271844e-06
104.750336,66.19454,55.18232914679967,1.1654774255446052e-06
73.5264,53.136063,21.612365877400038,2.8457189300068996e-07
93.27278,68.66579,46.47809486793011,4.438553167404779e-07
71.30269,49.905098,18.071094640595764,9.169524717202928e-07
64.975815,47.35335,11.315986250434612,8.159740649164284e-07
89.05592,58.24083,37.613709842114375,8.973846106310558e-07
100.71979,68.00157,52.59528616164331,1.117840592840471e-06
106.31808,65.80417,56.34484735767159,4.3472482270285825e-06
108.06331,66.10597,58.00716355162924,5.549744285142837e-06
67.84049,47.865753,14.05306948830059,3.6305922056970234e-07
82.02788,57.731422,31.272542395678897,1.747838408630295e-06
98.86425,68.84363,51.40936897442026,2.037666064892725e-06
72.67582,51.715893,20.16565604603987,2.515894173955032e-06
97.88674,69.218376,50.75019389796255,1.666781638781586e-06
88.70565,57.981354,37.18062912765759,1.5908204803696319e-06
70.66043,49.300117,17.21239139360801,8.879917995928407e-07
95.17704,69.66583,48.6272532395558,2.20385899536233e-06
90.98131,61.803932,41.062691701325186,6.799806051161257e-06
74.11193,54.128273,22.61555419645573,3.636111798240428e-07
67.423485,47.758686,13.638399589591616,2.4891448195840628e-06
75.07062,55.54406,24.153695737685418,4.790500921046096e-06
93.32456,68.72479,46.552438586865605,5.124145906201183e-06
92.49515,67.36309,45.153298769228954,1.6438714839664865e-06
109.09305,67.57011,59.63101091365901,5.755016714644485e-06
74.6767,55.005707,23.543375553052844,1.3392382167999072e-06
84.74091,57.372154,33.44246446577839,3.255710532377056e-06
83.09207,57.584,32.12044802492349,9.365860820220565e-07
78.128586,57.682087,27.870986711556984,6.277247751527426e-07
65.000305,47.356487,11.338763991229127,1.152687989305833e-06
92.592575,67.57944,45.34584490914296,2.5016821738981167e-07
94.47159,69.50913,47.93796403304572,5.993241894990579e-07
84.89339,57.357613,33.56724279128123,1.8409231171440607e-06
92.58727,67.568146,45.335606661301675,4.416328832964263e-06
89.3978,58.564568,38.071654393096495,2.4534849925246675e-06
85.80336,57.30451,34.32874818629611,2.1873611458168735e-06
109.05394,67.45857,59.54137541843048,2.6537386659823093e-06
72.61481,51.620525,20.065136045260832,3.060119432462727e-06
84.3335,57.416786,33.11195125555565,8.236814708587068e-07
91.34593,63.23906,42.09603376735959,4.443326907738548e-06
91.305405,63.06719,41.974999926124106,1.0940421446116573e-06
62.731583,47.02679,9.209144340089138,2.174883072709646e-06
84.717255,57.374527,33.42316468053177,1.764419913911601e-06
108.320114,66.29982,58.32648714779827,2.8613406428703313e-06
93.38754,68.792984,46.64107667591785,1.4763196433960637e-06
87.94448,57.602074,36.33179617745936,7.537727992681876e-07
74.52983,54.788445,23.307552378295732,4.2065266381836165e-07
98.66312,68.92605,51.276393022844175,6.33391328854745e-06
73.594505,53.253242,21.729935330970967,1.474384581186581e-06
84.93126,57.354206,33.59833751023233,9.922250056670416e-07
67.8154,47.858814,14.027871059827646,5.518658449873917e-07
73.32133,52.783768,21.258621614804333,2.856792144103788e-06
70.60834,49.25702,17.145730534958496,3.2184128952887906e-06
84.30343,57.420364,33.08770006922077,1.72586466729938e-06
89.181885,58.35109,37.77792888873558,2.632192639664857e-06
71.52109,50.144382,18.37987680378707,5.84320057603638e-07
102.03093,67.36928,53.414623709639166,2.295219801278961e-06
92.67618,67.75073,45.503892229145634,2.53292422105058e-06
96.70082,69.55569,49.8918133674347,2.682888888401887e-06
63.39724,47.13958,9.842015218888825,1.7177354445312575e-06
73.5922,53.24928,21.72595851631084,3.7596331134487225e-07
87.72062,57.527298,36.10054037571111,3.4958179568864185e-07
91.83847,65.328674,43.56738961384164,1.0571965755637387e-06
100.10727,68.291534,52.2098085684267,1.6289309385261394e-06
72.33709,51.20249,19.615607885146243,6.103176266194544e-07
71.38096,49.98879,18.1807247040362,2.549840352540335e-07
79.996185,57.89074,29.592700713855482,2.9189806170399556e-06
66.2157,47.525764,12.475964727614814,4.687005147811828e-07
94.11699,69.35312,47.55286600872667,5.973004326475473e-06
106.67454,65.77663,56.63978052655379,6.3450993121369835e-06
65.80095,47.463623,12.085710869210066,1.5266909115564995e-06
104.915665,66.138336,55.29740508429572,8.501289787669591e-07
68.09816,47.941082,14.31388290831268,1.9305651231709185e-06
76.40583,56.87075,25.97336790742294,1.5449605880760515e-06
97.43371,69.365585,50.43146524679316,1.6368437845830417e-06
91.13893,62.39004,41.49225421832778,1.7738193330821978e-06
64.61357,47.307106,10.979150795161724,3.015151348691009e-07
75.18191,55.68387,24.319983006661378,1.9046074013359697e-06
79.86053,57.89057,29.475138726003678,4.0514655798401015e-06
106.91785,65.777115,56.85074122299785,5.762540291848334e-06
80.97552,57.84513,30.41802470233784,2.370515759532425e-06
75.69756,56.260036,25.054632383880595,2.6830864411703307e-06
104.00347,66.47797,54.67723841612145,4.1997439554894895e-07
85.33286,57.3239,33.93097825441194,3.1595765801426683e-06
62.00487,46.874073,8.503433318481106,5.673531853162291e-07
60.975353,46.582985,7.4663016740934145,1.5922861675178835e-06
64.781975,47.3286,11.13574103915573,1.3093914771195767e-06
68.08688,47.937626,14.302385757048691,1.1753785613566323e-06
67.83224,47.863464,14.044779882935176,3.5523021817318196e-07
105.982315,65.85555,56.07976300371943,6.2442040195929355e-06
73.884186,53.748222,22.22829842367207,3.957785216563524e-06
86.084404,57.303146,34.571459824943304,2.3297703435287707e-06
74.4463,54.66118,23.171578599061423,4.625905089275946e-06
105.78893,65.89461,55.931809656932955,4.128957687261509e-06
107.52535,65.8685,57.422541326224405,2.5057146067494398e-06
73.66033,53.366364,21.843504035919292,1.19370649095834e-06
64.37273,47.276096,10.755071983178881,1.230170208392314e-07
73.5063,53.101463,21.57765676154017,3.880146420908859e-06
63.259483,47.117928,9.711887269179133,1.0387088612751156e-06
94.03549,69.30809,47.459770316494776,3.761079161230653e-07
68.93807,48.247204,15.19432707082734,4.136733624748868e-07
91.60011,64.34067,42.8669635884911,2.9070716414785372e-06
78.77941,57.81267,28.499909770402677,1.5344004302515795e-06
75.13112,55.620747,24.24443511286039,1.7428423510751958e-06
66.16168,47.517296,12.424948131857366,9.293806217495098e-07
65.39946,47.408455,11.710426984365563,1.9164954945172828e-06
87.790306,57.549076,36.17177920754512,1.2231726997237367e-06
72.77513,51.87362,20.330527293805822,2.496112546519345e-06
91.200226,62.633213,41.66692988287002,8.497514158008002e-06
102.7788,67.01567,53.88549567685662,4.749331930129444e-06
76.0424,56.58198,25.514242344636173,5.126209910054893e-06
75.27876,55.80104,24.462442439671772,1.950213177365043e-06
87.3976,57.442387,35.77834121200925,9.719375004854984e-07
102.9538,66.93498,53.9967032558203,1.6113653195732063e-06
87.94472,57.60216,36.332047191738575,1.1545501117860359e-06
74.40376,54.595406,23.101853112642846,2.1802280931162738e-07
73.56321,53.199406,21.675915555532796,1.216409313962069e-06
95.13926,69.66168,48.592460469589575,3.900264836440191e-06
103.97244,66.49064,54.656696921551536,3.869533362170448e-06
65.96929,47.48809,12.24373126286224,5.851258895502995e-07
81.25386,57.820103,30.646561578649635,2.0248860732800482e-06
86.36154,57.31073,34.815259106360976,2.509581555361257e-06
92.42379,67.19231,45.0061087791622,1.1485747702618004e-06
68.11478,47.946205,14.330837982130067,3.695247438895365e-06
71.20676,49.8056,17.938267087195392,3.920198917277153e-06
108.45938,66.43607,58.515220418032975,9.357668830923766e-07
93.277695,68.67151,46.485212274526184,2.59894992121339e-06
67.05038,47.676136,13.274005383147035,7.66824110756437e-08
79.78789,57.88972,29.411803518384986,1.0270456906384956e-06
74.87908,55.29064,23.86110905149452,7.259657551112667e-07
79.49469,57.880463,29.1532563737314,2.4292372287570407e-07
89.37785,58.54345,38.0438205666752,4.38717038984613e-06
106.95904,65.77898,56.8873427810462,5.136243690844501e-07
80.78044,57.8599,30.256467592478835,4.718415509203995e-07
98.47919,68.99922,51.15369180115218,2.662246388883213e-06
84.019806,57.455715,32.8597486535906,4.990915584151958e-07
73.8353,53.665348,22.144521709885474,3.3162332680246572e-06
80.66119,57.867683,30.1570852735928,1.1174428565970838e-06
76.77666,57.116966,26.417624328250227,3.0538204146266164e-06
74.26545,54.377274,22.873008339472243,2.1819753980283044e-06
69.432274,48.48101,15.739223032189884,1.1008205550005373e-06
63.283775,47.121803,9.734862161026681,7.194385102894148e-07
63.616543,47.172565,10.048429560692703,7.371549450085667e-07
72.93113,52.12703,20.592330771151016,7.609129717481319e-07
81.7729,57.7632,31.06761354469718,5.738326399384672e-07
71.50804,50.129574,18.361170564342316,2.079151857996838e-06
93.61654,69.01099,46.94839944144324,3.3305770549389232e-06
90.27472,59.875393,39.48650299140542,9.817177455058908e-07
84.668304,57.37953,33.38327147116628,7.910181922671644e-07
65.262024,47.390335,11.582342824887542,5.356263917356905e-07
101.74204,67.508316,53.23395547327566,1.5720255558884325e-06
99.37213,68.62584,51.74031155431669,1.7032277360750756e-06
73.00548,52.24997,20.71819170394288,3.525100540119712e-06
92.74753,67.887184,45.63391004734802,3.339508564240497e-06
74.56288,54.83807,23.360986386207983,8.535244067976803e-07
108.43132,66.40654,58.4761542622988,1.1717965346831258e-06
76.15849,56.679646,25.66361331678726,5.943888688326818e-07
73.49158,53.07614,21.552249786748025,3.456758635141066e-07
108.5905,66.59001,58.70574283876895,2.190802255654676e-06
93.21804,68.60042,46.398003734244035,5.265280957670364e-07
90.96892,61.76042,41.03021003307496,5.312199211373357e-07
88.533585,57.875877,36.978878005654146,4.057822862997964e-06
106.84482,65.77513,56.78650359547386,6.242029340532819e-06
75.996254,56.541702,25.454140504518197,4.110546194052132e-07
108.8618,67.01758,59.15448156971252,1.6756316091791255e-06
94.893555,69.6239,48.360781437779956,2.3454536034651593e-06
109.11921,67.65021,59.693718032093216,1.6772414454160491e-06
62.290203,46.9384,8.782702008114754,5.483294253654292e-07
108.11298,66.13849,58.06643953178194,1.2863918430415358e-06
68.867386,48.21734,15.118181330891488,1.7551843419661226e-06
92.12111,66.33725,44.31645055351268,1.9631484354243334e-06
68.91644,48.237976,15.17098116277329,1.2144203689172509e-06
96.1428,69.64946,49.45544078370641,8.750952905977615e-07
81.79806,57.760162,31.087882552975284,8.800978304039571e-07
90.74434,61.036118,40.473569265576884,2.7152664977644883e-06
71.67781,50.327328,18.60707339655096,7.077729693601861e-07
85.39762,57.320107,33.985165567928185,2.1895209854325676e-06
95.05159,69.650406,48.5108949813371,6.703495262297329e-06
89.69113,58.91278,38.49979312697586,4.406398052324484e-07
86.577896,57.323666,35.009095618794994,6.38485536813507e-07
108.88264,67.05848,59.19297802275856,2.9167339000656854e-06
90.68565,60.866447,40.33790367235977,1.8202945508566843e-06
97.15971,69.44433,50.23354352374712,2.1309410965103e-06
66.14101,47.514088,12.405443231196788,7.340473490817091e-07
108.9283,67.15332,59.27994367594001,2.936557068406919e-06
65.798256,47.46324,12.083185891166794,3.8899053718049656e-07
78.87851,57.82636,28.592576383008588,2.241906388283954e-06
60.722965,46.49486,7.203664764996794,3.4749402625239387e-06
89.374695,58.540127,38.03942476397234,1.9353598972345687e-06
64.84805,47.33703,11.197177001263253,2.5613179167082785e-06
62.297134,46.939888,8.789448441530203,5.656281609727778e-07
72.50768,51.456062,19.89012959818718,2.698677680844141e-06
75.22398,55.73528,24.382121988125924,1.7613442303996946e-06
92.5421,67.46969,45.24725809186165,7.881143162924275e-07
91.76163,65.02105,43.34702752640625,4.964027969470809e-06
69.87601,48.73332,16.249664895856803,1.127833254971e-06
90.026215,59.413406,39.040299099785116,2.1270374361161964e-06
91.29399,63.01921,41.941126976853994,4.830233210862307e-06
67.267746,47.722847,13.4856055983561,4.135369783149074e-07
66.251755,47.531487,12.510050677935746,7.183933321488282e-07
88.24255,57.725243,36.65151780191421,1.8268452885401141e-06
62.820454,47.043148,9.294286755292182,1.2389787194396676e-06
62.73942,47.02825,9.216661461366042,2.438142114195298e-06
68.796814,48.188347,15.042567233366094,1.898742211017576e-06
92.12008,66.33395,44.31390886550175,1.8100163067781608e-06
64.82164,47.33366,11.172621085752352,9.71988662766986e-07
59.841995,46.123955,6.255269140180758,1.955474457498834e-06
77.25728,57.37197,26.96135542444887,9.837932347516643e-07
79.44801,57.878082,29.11163897622495,1.7207583270611317e-06
76.39547,56.863194,25.960617757610564,1.2040573733806027e-06
87.33865,57.429527,35.720857969926215,3.6010082293219462e-06
62.4294,46.967644,8.917872353320348,3.942070935221814e-07
91.37279,63.354008,42.176759222118356,8.205782037710557e-06
91.049194,62.049133,41.24408532083862,1.2288016049335293e-06
90.173035,59.67565,39.29857092660381,2.06642420991272e-06
73.6677,53.379017,21.85621325580813,2.4883271049471125e-06
77.249405,57.368324,26.95271237885407,5.457307837758784e-07
80.15135,57.888752,29.726085115985608,4.0072913345284636e-07
83.94881,57.46496,32.80288603583517,1.8104532837623503e-06
108.97946,67.269,59.38208706628531,1.8050254625976073e-06
90.77887,61.139618,40.555221158725736,4.879340761449935e-07
96.19858,69.64244,49.50023881809833,3.25183426285817e-06
108.233795,66.22717,58.21540651516857,8.57873795448633e-06
107.11398,65.79105,57.02756224831796,5.298228731753476e-06
95.94585,69.66956,49.29492673975135,6.030775019749967e-07
69.41282,48.47092,15.717330837680791,8.992730294768148e-07
103.511894,66.6853,54.35518908259652,4.771408681604479e-06
90.42824,60.208614,39.786067572713286,3.3405011237868034e-06
95.237015,69.67156,48.682057916056074,1.7030437142560125e-06
99.81618,68.426125,52.025010082053484,5.1229156853894435e-06
70.455025,49.13498,16.95193685545298,6.011076923309255e-07
101.509,67.62091,53.08843708386168,5.7451656651121174e-06
63.73288,47.189407,10.157600971276889,1.0518682161717294e-07
92.998146,68.30362,46.05917009853129,9.54119156773838e-07
80.008644,57.890663,29.60345254112085,1.5305094435146772e-06
86.428856,57.31406,34.87522009609351,6.639839129074163e-07
100.82977,67.948814,52.66415528196129,1.6201376817510378e-06
96.847244,69.52318,50.00236766131587,1.1525677953844026e-06
74.652145,54.969982,23.504249421663747,7.371281428945617e-07
61.066086,46.612896,7.559834026121051,1.6400648360105097e-06
92.36841,67.052155,44.88807181187579,2.42617020435633e-06
88.572655,57.898685,37.02411785832132,2.294276585534117e-06
77.57456,57.50553,27.302907545651934,2.3326062639342285e-06
70.86509,49.477745,17.47844532517073,2.1166639513887943e-06
73.710464,53.452335,21.929905128108494,1.3392598152848649e-06
91.25897,62.87323,41.83780832739906,3.895887955370288e-06
102.26785,67.256035,53.56318461775931,7.229820979944681e-06
86.29464,57.30802,34.75596598761154,1.4671519016170957e-06
66.691666,47.606483,12.928524077229381,2.3835326710700773e-06
67.401405,47.75348,13.616673728654721,5.41800679559747e-07
89.673546,58.889763,38.47305561784175,1.0993176561609546e-06
75.80003,56.360825,25.193768630454503,4.547088946964687e-06
89.972694,59.32484,38.94966578999837,2.4392346263865442e-06
107.98245,66.0575,57.91290244147992,1.3761021127199364e-06
60.397987,46.370056,6.859823380574802,1.360760672373978e-06
90.2498,59.824986,39.43972100542011,5.067725266814584e-06
76.785515,57.122295,26.427957397610427,4.814746653783538e-08
103.911285,66.51577,54.61630864514498,6.133646508920983e-06
74.90802,55.329956,23.9058287442853,2.867917610248336e-06
92.933075,68.20419,45.95310214717714,8.493659633553715e-07
70.27634,49.001396,16.730398876465713,3.0499857974147356e-07
87.874054,57.57702,36.25827921651758,4.87518955303445e-07
92.40972,67.15736,44.97645141400668,5.0437918106313864e-06
98.88393,68.835434,51.42231844377349,3.1648007258156247e-06
78.39067,57.743687,28.128758337122434,9.472999391031084e-07
102.309204,67.23637,53.5891619882547,2.799174984374833e-06
79.44081,57.87769,29.105207697175036,5.698224321982314e-07
85.28304,57.327034,33.88940185982069,1.4187916435940877e-06
60.90506,46.55918,7.393523187722374,1.7182554192852744e-06
70.797195,49.41732,17.389434159364832,3.6885193647022923e-07
73.06592,52.350796,20.820945866102672,1.41223910828667e-06
67.66361,47.81824,13.876130596419323,2.262335788835037e-06
77.43954,57.45182,27.15912245480032,5.319028290655672e-07
94.51079,69.52278,47.978738105223634,1.0901260360573091e-06
106.62866,65.7784,56.60093453775405,1.2966703370136687e-06
88.09761,57.66174,36.494243920644834,7.989348957779907e-07
89.39226,58.558678,38.06391347127407,2.5649218647778044e-06
61.616455,46.775974,8.11800646844071,1.9467992905670886e-07
106.319016,65.804054,56.345603081764025,5.665209262689026e-07
62.7649,47.032974,9.241089530096774,1.7681136685229155e-06
64.595535,47.3048,10.962378254807938,1.4319048014981608e-06
104.239914,66.38359,54.83481163565794,3.413296207142154e-06
99.524216,68.55829,51.83825044541696,3.6825956374642e-06
90.66366,60.804863,40.288067346382576,3.1440424638434757e-06
72.28844,51.132133,19.538295697875714,2.1442112429942922e-06
94.44414,69.499176,47.90921419645137,1.946720733257772e-06
68.64038,48.1269,14.876367795156378,1.1291289923736586e-07
92.69243,67.78257,45.53388520391096,3.5277013017354157e-06
94.68503,69.57575,48.15611918744461,6.255053847076878e-07
70.26659,48.994358,16.718435567252236,5.589678519365911e-06
104.274055,66.370285,54.85772917616548,7.200590152486353e-07
79.4138,57.876167,29.081055378177716,6.527894357427193e-07
81.50524,57.79402,30.851224486649272,3.0189220336229184e-06
93.096344,68.44329,46.21404856721689,5.621258334801687e-06
77.229965,57.35925,26.93133970017601,2.678057157381728e-06
65.51477,47.42392,11.818019575168458,7.60179826713787e-07
69.378174,48.45314,15.678436545029143,9.863765660813257e-07
87.4516,57.454853,35.8313391288134,1.0458903207637502e-06
81.048904,57.83896,30.47849319895114,1.8392232312104324e-06
88.20528,57.70822,36.61072997897417,6.6527219871361e-06
83.776,57.488,32.66474823842424,9.754558160473462e-07
83.94396,57.46559,32.799004146134166,4.65290175346328e-06
65.93984,47.48374,12.216051615190215,1.8495020094119742e-06
70.21596,48.95827,16.65654505795994,3.29995721942278e-06
82.9376,57.606106,31.99772488883489,1.5175572132268843e-06
89.321144,58.485,37.96548497931715,2.0199521902233085e-06
62.5077,46.98352,8.993621082586841,2.0475486180819384e-06
73.66999,53.382942,21.8601578435383,1.0867813566959989e-07
64.68513,47.31625,11.045694827543164,1.1371603800743182e-06
87.32826,57.427334,35.710764698284294,5.307755669741306e-07
65.08573,47.367462,11.418232010728067,1.6908017472045513e-06
91.49481,63.88324,42.547050799798555,3.9431236154986926e-06
75.22975,55.742268,24.390612329841275,7.884813956989867e-07
71.975784,50.701736,19.052331283414194,2.0191726160906277e-06
76.896385,57.1869,26.556276224317184,4.902495540289552e-07
102.75618,67.02618,53.8711535534615,4.735146716390302e-06
74.49072,54.72918,23.244048682072414,1.5801410477224169e-06
85.680405,57.30765,34.223839250004,2.4549555627082006e-06
108.2257,66.22078,58.205202041305796,3.2647136128113946e-06
75.2616,55.78057,24.437343525185337,7.297222749387756e-06
96.17354,69.64566,49.48016359007181,3.2852424383193076e-06
75.10692,55.590275,24.20824247535692,1.7311515470499581e-06
86.42436,57.31382,34.87120567077394,1.9984787447587547e-06
82.18588,57.71076,31.399044132183686,3.569794225623235e-07
85.36704,57.321854,33.959557495613964,3.8661092746845757e-07
92.37315,67.064415,44.89830548682,5.545593634842062e-07
97.39812,69.37628,50.40599114481623,2.9192620261434415e-06
86.3952,57.31232,34.84520298577768,5.21293055812319e-07
88.03941,57.6382,36.43207158783333,1.0384621212013681e-06
81.61376,57.781876,30.939131209242362,1.1512356351337383e-06
109.1712,67.82467,59.82597985669146,8.519428256836056e-06
94.671165,69.571976,48.14222502893066,1.6233211435390714e-06
105.836685,65.88438,55.968051796079635,4.239184507603342e-06
60.13468,46.258873,6.576201065638634,1.4572942439495531e-06
106.91206,65.7769,56.845617971576324,2.8981844487329676e-06
78.7502,57.80835,28.47245196764834,1.5142128392742133e-06
90.17346,59.676453,39.299340189603456,2.1942013315053415e-06
75.03909,55.503464,24.106094727720865,2.1420321685837537e-06
63.017246,47.07784,9.482059629086452,1.955373981570683e-06
87.971695,57.612152,36.36040414423988,3.3205125348143385e-06
83.36291,57.545387,32.335696381669464,7.120579178306824e-07
76.465996,56.913887,26.04704238431974,2.0233195302298365e-06
98.47157,69.0022,51.14858524454602,5.975969708542335e-07
63.293552,47.123356,9.74410612649801,1.0528115870655046e-06
91.36345,63.313972,42.14865945663404,1.5701303536468224e-06
67.70365,47.828712,13.916042864153678,2.9717841096896313e-06
108.97833,67.26634,59.37978266678124,6.08452098582329e-06
76.536995,56.963158,26.13316464599154,7.15871478384593e-07
89.993866,59.35945,38.98530590045385,2.584678902091995e-06
90.68078,60.852715,40.32682087545968,2.6322304020559016e-06
84.48042,57.39982,33.230704387485126,1.1798272853828103e-06
104.75719,66.192154,55.18707380679865,3.723054279909079e-06
75.93179,56.48401,25.36946822285905,4.270236694238364e-06
74.25791,54.3652,22.860440088570584,5.135888360717094e-07
95.47139,69.68443,48.89146848943888,4.527668386195232e-06
66.915474,47.648926,13.143567729534878,2.1353607971783474e-06
64.950615,47.35013,11.292550647451705,3.975653526770441e-06
99.93589,68.37108,52.10116268627579,1.041828254420163e-06
69.47873,48.505417,15.791659019304609,3.3037663952518943e-06
70.85028,49.464436,17.45896509814347,1.1180168991372688e-06
107.775665,65.95579,57.68296544267239,7.104357371200887e-07
93.13153,68.49046,46.26810384889928,1.5028396521762007e-06
96.121155,69.65203,49.437979601167484,6.794713403810938e-07
87.57619,57.48619,35.95490683137985,2.2369244240374463e-06
90.154015,59.639984,39.26426288268427,3.883566341120551e-06
108.58771,66.58643,58.70153556383152,5.8517792813445156e-06
92.21913,66.63875,44.55208861557267,1.288011409637846e-06
91.19661,62.61863,41.656502448450674,2.9552669111835248e-06
99.95255,68.36338,52.11174432223841,3.2126971898451047e-06
60.347546,46.349476,6.805849819181908,1.3206637808427224e-06
89.694115,58.916718,38.50434760749377,1.0836295270116117e-06
64.39439,47.278908,10.775235293199763,1.5255328270779186e-06
63.84976,47.205925,10.267081425521557,1.0141021931736421e-06
86.998276,57.36927,35.39595784546965,5.712624883628536e-07
61.12748,46.632626,7.622867406541222,5.486063181669074e-07
89.4724,58.646294,38.17712300853259,1.4839528464855114e-06
85.695496,57.30719,34.23667584733377,1.5563134213948365e-06
71.49108,50.110435,18.33691407220358,1.4325615436856662e-06
91.66434,64.61559,43.06004057647464,7.198127277610715e-06
94.34387,69.45993,47.802754966483405,5.966657866662791e-06
97.142685,69.44894,50.22110379123714,3.1315233704367516e-06
87.99004,57.61907,36.37975020622179,3.353500881807685e-06
62.495224,46.981018,8.981564847213688,9.736146168582915e-07
85.49915,57.314842,34.07046195967714,3.8039641389693796e-07
80.33759,57.883514,29.884753960025947,1.9833071522746536e-06
92.62985,67.657394,45.41710534832135,3.4211489812844136e-06
70.42611,49.112743,16.915777053041204,1.1232120109614485e-07
84.324425,57.417862,33.10463002849846,3.4827714906947367e-07
83.71477,57.496323,32.61588516593804,2.077942775673418e-06
59.839375,46.122692,6.252368808340616,1.195663653494029e-06
100.65938,68.03047,52.557424518409945,5.294069188422533e-06
83.208374,57.56737,32.212856723443586,2.5394608536345926e-06
100.0634,68.31197,52.182038678114004,3.4295185279325027e-06
64.75923,47.325703,11.11459376859553,1.7992160053187332e-06
88.327545,57.7659,36.745453177208134,2.8153383070277324e-06
106.79958,65.77472,56.74711491614298,1.8526339684532704e-06
91.09119,62.20636,41.35907073742914,1.6339122856449005e-06
77.039,57.26452,26.718594240091075,4.184661460784014e-06
108.69649,66.736824,58.87093807223519,5.326897035789988e-06
60.147415,46.26447,6.59002829434007,8.659267769983875e-07
70.53592,49.198494,17.053750618084358,1.6961983914253507e-06
109.16109,67.78894,59.79934903151749,7.247662619857461e-06
67.29219,47.728336,13.509519270804242,4.571526327729151e-07
77.498215,57.47571,27.22188153687225,2.315794543626858e-06
69.952415,48.781338,16.339842265830992,9.899852275164156e-07
109.23152,68.058586,59.99516866453786,3.5628663580691543e-06
97.67729,69.28889,50.6040595812775,4.839758013010755e-06
61.88685,46.845615,8.38699632042166,1.3668373182646496e-06
88.07303,57.651665,36.46791950247024,8.285803652310811e-07
91.84337,65.347855,43.58122315743129,1.394502896791104e-06
97.819046,69.24161,50.70317970193987,9.90894945881783e-06
60.637165,46.46319,7.113524414280146,2.661529202819121e-07
90.533325,60.46108,40.003305535474745,1.8037399133883344e-06
102.37935,67.20309,53.63326326368072,5.996255335942761e-06
90.95332,61.70615,40.98956744451602,2.7458269161579817e-06
90.142395,59.618473,39.243447920199344,3.87082187850106e-06
72.07845,50.83886,19.20980419886202,1.7839668267146452e-06
63.339672,47.130627,9.78768232449302,8.879814023416996e-07
106.090744,65.836555,56.164163889769895,9.430435123328163e-07
91.19957,62.630554,41.6650295757475,4.737757609269908e-06
75.1933,55.697865,24.336844631086528,9.160343700396819e-07
73.36992,52.867035,21.342334814850656,2.747183551203205e-06
59.97834,46.18834,6.405539681568387,1.804836749058847e-06
104.58249,66.254265,55.066830116525274,2.0371613537662413e-06
93.471085,68.877754,46.75581463175692,2.5388714401061486e-06
97.94429,69.19832,50.790001759868076,5.895772091534407e-06
74.18652,54.250084,22.741056248360778,1.016943817115656e-06
66.897644,47.645424,13.126375435580847,1.3377205749922447e-06
101.69692,67.5301,53.205769458956404,2.324579999671497e-06
107.99879,66.066864,57.9317349487146,5.904479118192383e-06
77.5509,57.49644,27.277873007782368,5.031510774945914e-07
93.02741,68.34651,46.1059581574274,4.147295447495902e-07
103.23123,66.80925,54.17410183667525,4.112192871410012e-06
71.173195,49.771584,17.892192114915314,6.16344644214803e-07
86.28685,57.307743,34.74908134871088,2.909539814791309e-07
91.41611,63.540955,42.30775381296419,2.5609302707201222e-06
90.98685,61.823547,41.07730196696094,4.281261714704421e-07
109.02727,67.38749,59.48273690844752,7.624802847160791e-07
98.192055,69.10881,50.959821309020384,2.7650312526047295e-06
65.541695,47.427567,11.84316207894521,2.0276358297042725e-06
70.486595,49.159534,16.991553967900245,2.1599026923864404e-06
99.25664,68.67647,51.665606355585304,6.043893067560821e-06
92.77989,67.94629,45.69148934601933,5.147702184317373e-07
72.92796,52.12182,20.58698111636951,2.0019484233101105e-06
68.43725,48.052586,14.66329502811892,7.791754172270948e-07
108.792175,66.89052,59.03065557867978,3.7222396128784695e-06
65.111694,47.37081,11.44239136125874,1.3526552192837603e-06
80.72796,57.86345,30.21279170716658,2.821018389832888e-06
86.27493,57.307335,34.73855314476403,2.194828916824975e-06
108.9266,67.14965,59.27663451890547,1.5490474432439734e-06
90.42641,60.204388,39.78236668005553,1.6935079307960946e-06
61.57305,46.764187,8.07452296444992,1.068748658031704e-06
84.64991,57.38144,33.3682979771307,4.038064762138787e-07
60.062675,46.226814,6.497813603321517,2.682696842469916e-06
91.39406,63.445595,42.24097379341708,7.387629516317268e-06
72.29997,51.148727,19.556578209137978,1.6055414217350481e-06
96.78804,69.53668,49.95784674484408,4.059532634610476e-06
72.736084,51.81124,20.26551842926526,5.120906889969918e-06
103.11453,66.861786,54.09930094960758,2.5607915338264316e-07
105.00918,66.10778,55.363113233521354,6.247921387573509e-07
77.25473,57.37079,26.958557206001725,1.5946548600490541e-06
76.58755,56.997185,26.19396000207892,3.0901537778838048e-06
83.2125,57.56678,32.21613567492027,3.59009347217933e-06
74.66855,54.993874,23.53040068513314,2.227198461860025e-06
98.0049,69.17688,50.83177794290919,1.4682148617971192e-06
87.03318,57.374413,35.42875768035353,2.0156035203378047e-06
65.07935,47.366642,11.412295867155592,5.262056249010756e-08
69.02798,48.286415,15.291796975639096,1.8436538855871846e-06
65.215256,47.38423,11.538789055660487,2.5760788109686717e-06
108.0334,66.08742,57.971986486768046,1.3255510729418545e-06
94.31137,69.4462,47.767743737371575,1.8832176407734455e-06
107.57962,65.88449,57.47753688376865,4.374131100628385e-06
94.897156,69.624596,48.36424759092889,2.290029376462335e-06
100.7065,68.007935,52.586958082669696,1.816490992681107e-06
92.35725,67.023056,44.86385314922793,3.800075423420212e-06
94.18422,69.38751,47.62828493455626,3.1644336363425933e-06
101.72847,67.51486,53.225479955430515,6.1425627381506495e-06
95.8431,69.676994,49.209658097138075,2.2355628937569944e-06
61.723045,46.80419,8.224424254675963,1.3294081862719488e-06
106.574036,65.78123,56.555043869449236,6.350527156506547e-07
108.751526,66.8225,58.961440971580046,7.066428432028799e-07
60.43008,46.382977,6.894076831519724,1.1575250163719894e-06
108.57575,66.57127,58.68359858008131,3.2375108724279117e-06
64.26614,47.26218,10.65580464985012,7.21833688755271e-07
71.689354,50.34118,18.623996207813683,5.073789513186395e-07
101.43974,67.65442,53.04520217905588,4.986304111002401e-06
100.57817,68.069244,52.50647952040216,3.1750371097476806e-06
74.50287,54.74765,23.26380588317226,2.4760103663031592e-06
102.601295,67.09846,53.7731603095836,3.2926024854078926e-06
95.039154,69.648605,48.49922667709228,1.2519600502940134e-06
80.72862,57.863403,30.213341827693935,7.967125304893221e-07
62.415585,46.9648,8.90448644378323,9.079468408635339e-07
88.9239,58.13536,37.446641989067615,3.555882299412849e-06
64.06153,47.234978,10.465005543278965,8.886630702185992e-07
104.307014,66.35753,54.87989373452358,2.233993284166586e-06
101.23044,67.75564,52.91455419100894,3.4384343786274023e-06
73.213745,52.60025,21.073691641940048,1.6326353229549041e-06
66.00879,47.493973,12.280879533810257,1.4449373347186181e-06
89.58458,58.777718,38.33998724851916,2.515828649732421e-06
70.43822,49.122025,16.930905334336323,1.0068181614728506e-06
69.982025,48.80033,16.37498124570942,2.824807407939092e-06
78.67741,57.79699,28.40373392971727,1.0673667043016215e-06
91.83649,65.32091,43.56179218196381,1.4643520431662007e-06
64.95546,47.350746,11.297055630133007,3.8851005555332514e-07
71.93901,50.653633,18.996432996562163,3.100127327951725e-06
65.86787,47.47324,12.148473278079269,5.361613225232793e-07
92.43127,67.21072,45.02179024809382,6.523789919182941e-07
90.68312,60.85933,40.33215981525369,5.766736973328266e-06
80.35068,57.883034,29.895850368572788,1.6338257704270253e-06
90.47276,60.313026,39.87683051697792,6.826656024545915e-06
73.8731,53.729454,22.209311425180996,1.3267399943816804e-06
77.55532,57.498146,27.282553586703752,1.5103199802158613e-06
91.09712,62.228897,41.375474996282705,2.6065441417418152e-06
105.5641,65.94757,55.76358526969024,2.7671720986501683e-06
82.168396,57.713078,31.385061450387003,3.05145615841514e-07
96.435326,69.60661,49.687350073961014,1.928683057965477e-07
94.53585,69.531166,48.00463288875557,1.9155780396186305e-06
88.86307,58.089996,37.371279917792435,3.7524675326143293e-06
77.83441,57.596706,27.573532659493203,1.6708676144575117e-06
73.236725,52.639343,21.113141737880618,3.224513793003196e-06
107.81581,65.973236,57.72645640428717,4.940346719355586e-06
78.99194,57.840218,28.697740058429144,1.6629283674419664e-06
90.56072,60.53042,40.06169931033105,1.2296574499290081e-08
75.884094,56.44023,25.306271196714373,2.926424638367328e-06
77.1286,57.31024,26.819050040071875,2.309891989820425e-07
81.77484,57.76297,31.06917657532679,3.1410420708975513e-06
104.22193,66.390625,54.82275942220707,2.1209277714320177e-06
71.02401,49.62521,17.689806584549988,1.004425365883494e-06
91.43157,63.60803,42.35468474520639,5.069934601351784e-06
95.125946,69.660126,48.580149441979565,5.1883803321038034e-06
106.54651,65.78294,56.53206363553946,4.605833731707757e-06
83.06877,57.587334,32.1019365110048,1.9761394705074146e-07
103.004105,66.91198,54.0287627357508,6.157786292015755e-06
86.875885,57.35296,35.28180802757958,1.907941146185766e-06
83.05893,57.588745,32.094118683272605,2.612539159468796e-06
83.46822,57.530525,32.41946687276287,7.835700304951628e-07
108.08395,66.119225,58.03166581107684,2.1207670982616735e-07
63.58079,47.167305,10.014835414070111,1.6879438861949905e-06
89.38669,58.552773,38.05613720326411,3.094493932071784e-06
108.690865,66.72847,58.86189339338347,2.823332197722618e-06
73.95118,53.861115,22.342760891434835,2.1970197924743424e-06
83.51262,57.5243,32.45480411829257,1.403971799148405e-06
91.512886,63.962044,42.602111315271934,1.811200207889184e-06
98.40002,69.03002,51.100530878688,1.3998069221996167e-06
99.7871,68.439415,52.00647834249539,4.366281293804581e-06
77.459274,57.459953,27.18027823733639,1.3794668411478962e-06
75.331985,55.863655,24.539844569398557,3.0284276355962414e-06
68.97483,48.26307,15.234095136947795,1.6234520952517327e-06
108.617355,66.62514,58.74656535266339,8.647286230394262e-07
75.59129,56.1508,24.907981468100775,9.7140937594535e-07
87.94819,57.60343,36.33568769110719,3.4419646084104643e-06
88.749664,58.010506,37.23332236016671,2.4977183407622685e-06
81.34161,57.811344,30.7181774653348,1.1541313656740392e-06
84.76715,57.36956,33.46389152116708,1.6489081251089866e-06
73.57217,53.214813,21.69137606677405,5.822715921324813e-06
94.08592,69.336395,47.517596947174006,6.268373632002027e-06
90.851524,61.366608,40.73163823231507,1.8746503378953733e-06
96.14155,69.64961,49.45443362103883,1.4963061737923123e-06
65.72508,47.45289,12.014637469021713,3.0693984818824716e-06
64.80665,47.33175,11.158684028685038,2.4639381538408657e-06
69.514786,48.524673,15.832512336503974,1.6803934617844626e-06
103.56291,66.66317,54.38830375107255,2.647614109934553e-06
78.61897,57.78725,28.348254211357283,5.770374900729293e-07
108.37656,66.35202,58.40147176216078,1.226772571675766e-06
67.16323,47.69993,13.383632446019549,3.5348834362474237e-06
72.97366,52.197197,20.664247004299902,1.4234994777656571e-06
89.93677,59.267353,38.88980980070053,4.59763676827476e-07
100.23461,68.23191,52.29028099237609,3.3601479205703755e-06
94.63124,69.5607,48.10200981402418,1.6817243210137166e-06
77.33009,57.404915,27.040882794411154,3.433196959158863e-06
73.97333,53.89826,22.380515792108298,2.4096136941747307e-06
91.524704,64.01352,42.6380831420381,5.358426702888933e-07
107.013916,65.78232,56.93653543997243,2.801257601778411e-06
97.71262,69.277275,50.62885192645343,2.2259778711896566e-07
71.18136,49.77982,17.903380951263774,1.49481564109012e-06
85.02605,57.346073,33.6763605432178,4.932508308484122e-07
95.80946,69.67895,49.18150215911673,4.2684380859971344e-06
107.06502,65.78634,56.98280410626962,1.2022563029188298e-06
73.80681,53.616898,22.095623901309175,3.280437435871349e-06
74.49812,54.740444,23.256091364058307,2.4185929924830307e-06
95.28337,69.67529,48.724065569629886,1.7629025895477824e-06
62.302025,46.940937,8.79420828677914,1.5654017770527776e-06
83.24202,57.562572,32.23959538210656,7.481890207854625e-07
75.65033,56.212082,24.98975189942008,2.46242726638215e-07
93.46611,68.87289,46.749075351161906,8.709393004296828e-06
89.843925,59.12573,38.73859221661311,2.767253510780712e-07
89.38074,58.54648,38.04783584871379,3.9243959406499285e-06
94.69672,69.57887,48.167803253438805,2.486611811316035e-06
100.69043,68.015625,52.576887120603025,2.2983986463843783e-07
80.62247,57.869995,30.124709106942227,7.307517082307266e-07
96.78681,69.53696,49.956918714130246,4.802149315414787e-07
92.98937,68.29054,46.04502975308955,7.204646654106297e-07
88.21269,57.71157,36.61882158516952,1.2364361974222815e-06
104.55353,66.264824,55.04702962794796,1.7367388785016777e-06
90.45687,60.275326,39.84421609955252,1.3085496414909475e-06
64.24977,47.26003,10.64055246570896,2.1077294069154877e-07
92.2016,66.58662,44.510839514505136,1.8915666145508362e-06
94.81251,69.60705,48.28216797211832,4.229764689072385e-06
84.18933,57.434258,32.99583284828978,7.43838923175947e-07
107.67827,65.9176,57.57952505978653,2.268961797415215e-06
80.38931,57.881535,29.928555643935017,4.2279921889565616e-07
69.65707,48.603363,15.995078821494044,2.876137670393062e-06
95.539986,69.68551,48.951409559684116,5.037490219232114e-06
95.196335,69.667786,48.644941366293274,2.895870368312761e-06
102.68201,67.06071,53.82418619598563,3.562272075234623e-06
78.28122,57.719532,28.02189412278677,5.187104262891545e-07
60.184776,46.280754,6.630525410888527,1.5208244047655021e-06
90.20094,59.72892,39.34937396609787,5.778089808956419e-06
74.76298,55.129288,23.67988750431884,1.5684402995033388e-07
69.83387,48.70744,16.200230384944852,5.17758365416044e-07
65.2345,47.38674,11.556708704617762,3.99593085655924e-07
88.59566,57.91242,37.050907760839515,2.7682032497943334e-06
84.237495,57.428337,33.034583965043794,5.307226015944823e-07
90.82439,61.280334,40.66499685728938,6.274577432685269e-06
80.953545,57.846912,30.399886646971627,1.8664066169916876e-07
90.03496,59.428215,39.05527545027724,3.779351156292103e-07
96.37332,69.61691,49.638801359410834,4.4899119039534646e-07
90.58339,60.588936,40.11058561974184,6.672847721358114e-06
94.82645,69.61011,48.29577207552556,1.6943167801952486e-06
70.6093,49.257812,17.146959099186944,1.0232747211277289e-06
86.12115,57.30362,34.60351791081961,3.2590567316508886e-06
61.838905,46.83373,8.339531494303374,1.762561528780802e-06
60.43497,46.384933,6.899289993531386,2.080343589676904e-06
63.404472,47.140697,9.84883627820122,6.01253025981677e-07
83.94167,57.465893,32.7971712370656,2.405935270728798e-06
92.522484,67.4257,45.208276308165416,4.1730678876630565e-06
92.51,67.39729,45.18325876806534,1.6631833732122554e-06
108.05853,66.10296,58.001519408272614,5.670212296658159e-07
96.473976,69.59988,49.71745386795064,5.082213788039675e-06
61.0614,46.611374,7.555014554740777,1.0694005249020906e-06
68.319565,48.012188,14.541177603867501,2.1113937643579943e-06
80.17167,57.88833,29.743471052078664,1.6963514069397787e-06
68.16829,47.962936,14.385544263811106,2.094909580352962e-06
89.14569,58.318398,37.73023754896101,5.006659763275788e-06
91.67175,64.64703,43.082183803866506,1.302314450715957e-06
78.880356,57.8266,28.59429505229473,1.4263433833872899e-06
95.52234,69.68534,48.936046438995724,9.503154814441677e-07
63.234077,47.113846,9.68784492042236,9.967674378537663e-07
91.38946,63.42578,42.227086525040264,1.7262549063818012e-06
101.31495,67.714775,52.967312477811554,1.4257523968481363e-06
89.827515,59.1017,38.71236589800876,1.862632596100258e-06
65.60025,47.435562,11.897868987660402,7.910760967618848e-07
102.7888,67.01104,53.891836390692575,1.5897455491063615e-06
82.1103,57.720726,31.338572716998844,9.914482130696564e-07
75.1078,55.591385,24.209558469330723,4.103280728929224e-07
92.25764,66.75055,44.641338103177326,3.612636733193366e-07
99.27986,68.666336,51.68065077033324,2.5391989331970813e-06
108.27411,66.26008,58.26677721232066,1.289870446623154e-06
75.9808,56.528023,25.433917742859318,7.928464413122608e-07
85.66717,57.308075,34.212589660591924,1.9184351684390733e-06
95.212036,69.669304,48.65929500951843,2.622632700262707e-06
88.420784,57.81359,36.85004577214102,1.4754711661277676e-06
90.97214,61.77169,41.038632194556115,2.385907839904127e-06
86.11294,57.303497,34.59634837844338,1.4321140907296531e-06
83.00083,57.597057,32.047961772967,1.6701895244189988e-06
95.86464,69.67561,49.227624403185246,4.992757884624759e-06
87.04689,57.376495,35.441672059325086,2.2219331969102805e-06
62.42662,46.96707,8.915178683786346,3.1321740107111183e-06
96.64554,69.56717,49.84967910272791,3.194850742105392e-06
70.91681,49.5248,17.54676391574813,2.083399331626107e-06
89.70112,58.925987,38.51504772534473,2.960669533904851e-07
67.14601,47.69623,13.366871419198393,3.1192192318510497e-06
108.7751,66.861435,59.00132686675854,4.8821064539294525e-06
96.87378,69.516975,50.02224412389515,9.207315683555804e-07
103.44414,66.7149,54.3113057216201,3.448490071053566e-06
84.784294,57.367886,33.47790048222373,1.441361349541072e-07
108.064285,66.1066,58.00832348409815,4.947457915547774e-06
78.99724,57.84082,28.702630989421912,1.56106498189205e-06
75.07477,55.549374,24.159947521340825,3.541434606686446e-06
64.54359,47.29814,10.91406376154227,1.7518526569213329e-06
106.39838,65.795334,56.40997371239371,1.1208222618369445e-06
73.51332,53.11355,21.589781647599636,9.941822046376256e-07
94.04462,69.31332,47.470292903574375,5.442548468025929e-07
86.21326,57.305496,34.68422656331803,1.2314168096120284e-06
85.45016,57.317276,34.02925227083116,1.0145280672824927e-06
67.23327,47.71519,13.451919639255829,7.237982352497571e-07
80.118805,57.889355,29.69820080625195,1.3031856979862764e-06
95.78493,69.68022,49.16089413085418,2.132185128731569e-06
74.33629,54.489784,22.990611385460173,3.556528693521623e-08
69.699036,48.627426,16.043453744258642,1.3387831563535915e-06
69.88797,48.74074,16.26373257578074,3.5427845943150243e-06
99.45998,68.586945,51.7969417123577,5.247612519312319e-06
80.57764,57.872536,30.087155260755562,5.342933019215172e-07
67.27801,47.725143,13.49564318372448,3.105159676174217e-06
66.45993,47.565716,12.707450876202463,1.2956947188363299e-06
88.98872,58.185917,37.5280574162068,3.7952680982089694e-06
102.87527,66.97107,53.946738990816094,1.2950730053186162e-06
89.114716,58.29107,37.68974855699209,2.334681186365735e-07
103.66346,66.61994,54.453766937944025,1.4128436399102185e-06
69.495834,48.51452,15.811022666614365,4.3946755274381485e-07
104.548,66.266846,55.04325393356249,8.660008699565846e-07
76.76215,57.108192,26.400671012896197,2.252506284374279e-06
93.71666,69.09297,47.07609617288583,1.2544282035233223e-06
91.92409,65.6556,43.80499689418935,4.539265067844548e-06
79.28415,57.867607,28.96449464933198,1.790064847306365e-06
90.17369,59.67689,39.29975838498628,3.3778201478425975e-06
72.17386,50.969986,19.357991475643274,5.995518218300688e-06
80.188896,57.88794,29.75819440876773,4.5340231518896374e-07
91.94896,65.7472,43.87233737900868,1.8275482661085888e-06
61.372883,46.70753,7.87284550978628,2.5297997759269184e-06
71.50158,50.12227,18.351924307288744,1.4552718880178556e-06
63.63017,47.17456,10.061228026736693,4.0152906362849046e-07
101.726776,67.515686,53.224418982573134,1.535107241169371e-06
90.375824,60.090282,39.68150258950097,5.749774054829235e-06
91.53073,64.03978,42.65643516987474,4.676221307945661e-06
66.54762,47.580795,12.790930965606234,2.5543203122994776e-06
90.31019,59.948853,39.553948656581895,2.5774576288056346e-06
79.13634,57.8552,28.830286005108555,3.1002412169490047e-06
90.2213,59.7685,39.38679375729008,9.471748871072742e-07
93.804474,69.15888,47.18510000146176,2.7774835167181095e-06
91.59376,64.31324,42.84774524739435,1.8962667786377296e-06
91.87694,65.47777,43.67525652514101,5.46969884634885e-06
72.1156,50.8895,19.267297012406203,2.0061001193865857e-06
67.13384,47.693638,13.355034033324575,1.1360715245200366e-06
96.08626,69.65599,49.409739738022544,4.484981485966172e-07
91.598724,64.3347,42.86277948731513,5.027428421489556e-06
66.64534,47.59809,12.884207673299548,1.335943649521082e-06
68.371185,48.029675,14.594625416186926,2.481824904272932e-07
94.883026,69.62184,48.35063222448243,2.7794853304673138e-06
94.20091,69.39569,47.64682758639899,5.875707618400375e-06
107.209564,65.802795,57.11621137859943,4.474055232917997e-06
64.80259,47.33123,11.154908305118422,3.664415988270589e-07
106.30962,65.805176,56.338027694926886,2.8574252917097208e-06
78.06683,57.66564,27.809281723475667,2.3911772037802152e-06
108.362,66.33818,58.381942594088954,1.1692510497815858e-06
91.44267,63.656235,42.38839892770251,2.683800420370165e-06
95.60663,69.68545,49.009095456944166,4.838450350775301e-06
65.882416,47.47535,12.162125056700022,1.7508084671639785e-06
93.19939,68.57742,46.370352353003106,1.6659508435899206e-06
72.13528,50.91654,19.297859466628474,7.579253393073024e-07
91.82323,65.26865,43.52417460223319,5.442417719290307e-06
85.487236,57.315414,34.06043142322507,1.0989800492785363e-06
105.93381,65.864746,56.04235014122323,1.3853137652228776e-06
64.528496,47.296204,10.900023322823419,2.0795948372255444e-07
103.69304,66.60733,54.47307416911945,4.035468481821951e-06
92.60803,67.61209,45.37555880057242,7.650555026100193e-06
62.873985,47.052788,9.345465556173657,1.9971364131058878e-06
85.33308,57.323883,33.93116262122862,7.84887257761256e-07
94.59474,69.549835,48.064967333284386,7.888151857072894e-07
94.49611,69.517746,47.963506835304436,6.736545501503575e-07
73.169815,52.52574,20.998391471317337,3.004722779871633e-06
61.110256,46.627132,7.605204248808365,6.474768680343812e-07
82.40662,57.68091,31.575284963583,1.8434104905293591e-06
67.73822,47.837887,13.950568141884888,8.729642219940437e-07
63.281425,47.12143,9.732640372984374,1.5099899490287907e-06
87.61714,57.49731,35.99592981235324,9.317271547359597e-07
108.42828,66.40341,58.47195718048693,6.736307428084639e-07
92.11984,66.333176,44.31331249022488,8.704012088021381e-07
73.192955,52.56496,21.03804358891485,1.4826163884558131e-06
75.71009,56.2726,25.071765533745165,4.3123602482924815e-06
66.186676,47.5212,12.448546780239262,1.8735483765378806e-06
103.15089,66.84537,54.122575195942204,8.13773977894115e-06
66.668106,47.6022,12.905978197388208,5.854284771716116e-07
60.40222,46.37177,6.864345846975913,6.238431968888308e-07
76.193886,56.70839,25.7086394379463,2.1384391545011966e-07
107.47508,65.855,57.3722570685865,1.8869185798463723e-06
108.17935,66.185455,58.14740008207292,5.1053887750483985e-06
93.34307,68.74523,46.578688345993086,4.602428097477877e-06
68.42618,48.048702,14.651766424662584,2.285995736698451e-06
73.4466,52.99876,21.4746054603534,1.0080555078532747e-06
63.97435,47.223145,10.383588325682007,2.385938805792211e-06
93.482086,68.88845,46.770688544040944,1.1122773110935206e-06
84.689705,57.377327,33.40070555837132,1.0749570716553463e-06
78.00832,57.649353,27.750466378318443,6.58492699458765e-07
89.36037,58.52517,38.01953999530256,4.718290192716564e-06
94.20148,69.39596,47.64745662628098,5.099560322429402e-07
90.89169,61.497574,40.831909461725715,8.059832542692667e-06
86.18367,57.30478,34.6582429005299,2.150561874569436e-07
71.80492,50.482746,18.794860867449646,5.108376533896832e-06
90.775856,61.130463,40.548032326547656,3.013057603953974e-06
92.86107,68.087296,45.8322946170904,3.844128098815725e-06
81.599075,57.783546,30.927250716454335,1.9200714085882433e-06
90.75035,61.053925,40.48767614700957,7.11047587261682e-07
60.830315,46.53325,7.315827107204222,1.7543709920390516e-07
72.05026,50.8008,19.166362206652924,4.729990886254139e-06
92.987236,68.287346,46.04158499342909,1.679165263101814e-06
73.36859,52.86476,21.34004743876901,6.054407302808497e-07
105.92935,65.865616,56.03892092817642,3.0733652805495917e-06
108.768776,66.850845,58.990552021726124,5.722955565887586e-07
61.71777,46.80282,8.219170451166978,1.1682626672815117e-06
97.916435,69.20806,50.770753154795685,1.002739136247791e-06
75.93578,56.487625,25.37473055168143,7.527801566423675e-07
84.93327,57.354027,33.599989056314634,1.725178686592874e-06
69.430305,48.479984,15.73700516472555,2.154258858550412e-06
70.10975,48.8848,16.52782975344542,1.6420289719138313e-06
77.838104,57.597893,27.57732445676988,2.7056368699310097e-06
70.49333,49.16481,17.00002410198796,2.933967744610242e-06
94.70233,69.58035,48.173401671805856,2.6350776027286536e-06
75.10361,55.586082,24.203278316359143,8.344841851043382e-07
80.41974,57.880272,29.954276001803848,2.690627932167835e-06
72.87217,52.03049,20.49299994798334,5.418815700230655e-07
74.19339,54.261223,22.752574589748434,2.801042582410871e-06
74.18218,54.24304,22.733776254565065,1.4334171264990689e-08
92.17143,66.495125,44.43897032105673,7.829728283604919e-06
64.59721,47.30501,10.963935393362574,2.928524381105524e-06
68.19987,47.972977,14.417913916969768,9.081531790619241e-07
79.73636,57.88878,29.366707107497785,2.4906931253689574e-07
91.73172,64.89813,43.259668492547355,7.499302431827612e-08
92.2511,66.73182,44.62630784451823,1.3168831598878947e-06
100.74252,67.99068,52.609526479269455,1.716115777623942e-06
74.028275,53.989967,22.47395356331783,1.6412633760107537e-06
88.246544,57.727093,36.65590079544783,5.443067922967419e-07
99.75615,68.453545,51.986735854585206,8.75614821696366e-07
87.15074,57.393425,35.540073239656266,4.1386081549043707e-07
76.69203,57.06481,26.318254894346566,1.2665716014548259e-06
64.92896,47.34736,11.27241216360376,2.712065881192573e-06
89.27333,58.437515,37.90033372576534,6.559987718288955e-06
70.878716,49.49006,17.496404249300785,1.3039980603900837e-06
87.20424,57.40297,35.591176666316386,3.3737589576677757e-06
91.60666,64.36891,42.88675582914774,3.760824408113947e-06
107.03839,65.784134,56.9586382958253,2.012651412596555e-06
95.506256,69.68513,48.92200923452044,5.52530967042036e-06
68.23434,47.984077,14.453316029565368,2.797994304251877e-06
88.98692,58.18448,37.52577965229894,2.4498575597498015e-06
83.52255,57.52291,32.46270939881241,5.153325999849291e-07
90.122345,59.58177,39.20773175583872,1.2886973345884009e-06
94.40691,69.48514,47.86995387742658,4.321109848721172e-06
70.03012,48.83165,16.432292847426268,2.1042499982671788e-06
75.17955,55.680965,24.316487638320694,3.3779190340496083e-06
66.553894,47.581886,12.796911187601324,9.262781399102051e-07
108.864975,67.02371,59.160293735295646,3.877121125931892e-06
91.55096,64.12774,42.71792755364012,4.9718227350376425e-06
91.421776,63.56553,42.324951292774486,2.3377860268172494e-06
89.36453,58.529503,38.02531018018963,3.563888079167258e-07
94.73946,69.58985,48.21030605287835,6.967614931546727e-07
106.4857,65.7874,56.48162617786552,3.2756090127825895e-06
78.30089,57.724037,28.041181281838305,1.6297398851724697e-06
76.54207,56.966614,26.139287283795525,1.0680401363642272e-06
72.66122,51.69296,20.141545087998214,3.867086714170053e-06
96.79643,69.5348,49.964170576800065,4.92833503569514e-07
62.54285,46.99052,9.027561094912993,6.409648469033221e-07
67.375626,47.74745,13.591334064198161,1.949194594658227e-06
78.261475,57.71494,28.002498516403453,1.945573641375307e-06
79.11521,57.85319,28.8109805262603,1.4147397056889371e-06
67.77287,47.847206,13.9852353260674,4.7275139055773155e-07
78.71129,57.80238,28.435770385038737,1.3154590615876424e-06
95.32165,69.67792,48.758530921646084,4.321897928137504e-06
77.070885,57.28105,26.75447247154627,3.263108802814349e-07
65.4919,47.42083,11.796669458828067,1.3476984895531656e-06
67.60761,47.803864,13.82044454939067,1.3848459684733033e-06
72.98577,52.217255,20.68476382921171,2.4961972242613664e-06
102.60158,67.09833,53.77333980448068,6.5016287951709915e-06
73.120895,52.44314,20.91472897896714,4.6416041813293395e-06
86.750656,57.33892,35.16633782332639,1.0882930534650788e-06
88.76584,58.021458,37.25280760068702,9.001130627108104e-07
103.89983,66.52051,54.60875440469205,1.5159518285060566e-06
66.535675,47.578712,12.77954646301399,2.50207683048109e-06
60.170826,46.274693,6.61541438870056,1.7987238666053897e-06
81.70554,57.771225,31.013289214325294,1.5258614487609956e-06
85.559296,57.312134,34.12119603943722,9.15874934612993e-07
69.15602,48.34472,15.43183561710967,1.1601834638689558e-06
68.519165,48.081837,14.748860967256155,6.302513457475991e-07
72.3642,51.242073,19.658875482455986,2.3622369674826974e-06
91.07444,62.14315,41.312957591471665,9.910517735778488e-07
95.97797,69.6668,49.32136118323372,3.140159153867216e-06
75.66506,56.227142,25.010038705881882,2.162430871733149e-06
77.75311,57.56984,27.48969121415854,1.7095756394726712e-06
95.21683,69.669754,48.66367140689692,4.9506195881999176e-06
65.84555,47.470016,12.127532004322092,9.371229990406483e-07
91.98027,65.86028,43.95599585665392,2.954436904426435e-06
93.52475,68.928955,46.82788974750318,1.5583022775683452e-06
93.201996,68.58066,46.374230282658345,3.599737004709119e-06
60.308304,46.333233,6.763743884501572,1.1231287169686608e-06
75.23153,55.744415,24.393226042352627,3.1752626220213847e-06
89.61097,58.810204,38.37908404719629,1.0217638174419105e-06
64.27618,47.263496,10.66515777248358,1.933357841288576e-06
72.75043,51.8341,20.28937242197999,5.934303250920895e-06
77.62056,57.52281,27.35138510595942,1.3010483954205233e-06
76.89872,57.18822,26.558958397557795,6.03050934521503e-07
76.76975,57.112797,26.4095558968241,4.970536419894063e-07
94.657684,69.56824,48.1286812024131,1.179678960988553e-06
98.507935,68.98793,51.17294046747346,2.587009818470769e-06
70.626236,49.271732,17.16858526559656,1.5955209788405969e-06
90.3494,60.032482,39.629723094389,1.8866493745268609e-06
72.24121,51.064697,19.463676897996066,2.146858593494796e-06
103.509415,66.686386,54.35358068737825,2.0978218742461795e-06
92.53045,67.44365,45.224148415751465,4.61175203346257e-07
93.36183,68.76561,46.60512541334435,6.345175985584945e-06
75.771255,56.33296,25.154914654905443,1.2273721088110746e-06
70.82008,49.437523,17.419355259402153,2.6482029308198226e-06
100.63961,68.039925,52.545024888231545,9.91140707563779e-07
84.704735,57.375797,33.412955030265664,1.1239842625101824e-06
64.78026,47.32838,11.1341460915971,2.6435095200275065e-06
98.422134,69.02146,51.11540163455308,9.186314393562395e-07
91.385315,63.407906,42.21455853521266,4.087547489859757e-06
74.11646,54.135715,22.62319884355553,6.936508849973516e-07
92.91069,68.16864,45.91593898826098,2.0977534859186096e-06
75.74894,56.31112,25.124669089193716,6.694046478782143e-07
89.217636,58.384216,37.82545365834345,1.3182294527813524e-06
74.48731,54.72399,23.238501433938684,7.797098965612798e-07
88.498215,57.85579,36.938203234576314,3.3554051720058124e-07
105.00969,66.10762,55.363471745604905,4.456132389860224e-06
106.4875,65.787254,56.48311275208246,1.970656988953898e-06
91.82186,65.26326,43.52029850731878,1.7586916250175452e-06
95.66847,69.68445,49.06215337918731,6.100085708543312e-07
60.162483,46.271057,6.606371186127551,2.2351109767748463e-06
91.62011,64.42674,42.92731468361839,2.3678914610938534e-06
86.021736,57.302708,34.51696712426332,1.2097385866260868e-06
82.077225,57.72504,31.31208589004347,5.657853600420867e-07
63.15209,47.100487,9.610162236226717,3.0375433782633343e-07
100.74265,67.990616,52.60960836797729,1.897303289683294e-06
64.14195,47.245758,10.540040968302767,9.139516639992987e-07
90.351776,60.03763,39.634353600016446,1.3053705121503968e-06
94.228836,69.409035,47.677685884333115,2.3329727401157777e-06
73.50292,53.095657,21.571829623923403,1.525221338800176e-06
108.063095,66.105835,58.00691024438409,4.657178960124651e-06
92.46005,67.28045,45.08158306689101,5.618286005870293e-06
92.62915,67.65596,45.415783221341655,6.035634889105437e-06
108.85826,67.01076,59.14800364976337,2.925582800545459e-06
99.17049,68.71384,51.6096789097346,1.092441640345771e-05
66.43058,47.56076,12.679555562987707,2.015548845643581e-06
71.08151,49.680702,17.767349809644653,1.9104550803113154e-06
69.797035,48.68516,16.15719045800323,2.1318760790615353e-06
89.78822,59.045315,38.65014275425414,2.3707410809561341e-07
84.410904,57.40773,33.1744594278152,4.159699707069679e-06
71.84494,50.533012,18.8546552132349,2.502283787940362e-06
64.1899,47.25213,10.584753020564776,1.7198484536045553e-06
91.41643,63.542336,42.30871986566219,3.680093263947523e-06
70.972946,49.576897,17.621428593098152,2.5772727593517358e-06
63.28233,47.12157,9.73349569321502,2.4357451009645494e-06
93.54112,68.94409,46.84963414431013,2.8395669329881294e-06
61.28032,46.680004,7.778919962893659,1.6442355245935585e-06
97.04733,69.474106,50.15110701051898,2.357344459434337e-06
89.51759,58.697968,38.242096956251636,1.6241972494023071e-06
85.229065,57.330647,33.84446339257281,1.0129534957483852e-06
83.33177,57.549805,32.31093579426398,1.5036621856517375e-06
67.952774,47.89765,14.166258413288995,3.0641907056059126e-07
72.9345,52.132576,20.59802337926851,1.7164698647441603e-06
91.81212,65.22459,43.492523910671586,4.4545426438860796e-06
75.106705,55.589996,24.207914968393744,2.6529442914292393e-06
108.52591,66.51072,58.61016156033358,1.1271206812825724e-06
93.44847,68.85542,46.72506013644177,3.30485821592309e-06
84.54432,57.39273,33.2824998429923,1.3640960341588077e-06
72.1177,50.892372,19.27055022238813,1.928982066085506e-06
73.3323,52.80255,21.277512813754317,2.686121204825575e-06
66.83591,47.633465,13.066933308046726,5.639279743393303e-07
107.32171,65.821144,57.222506931706924,1.4671792432507481e-06
89.26429,58.42873,37.8881141592309,1.9392991271709437e-06
71.397316,50.00657,18.203779946924193,1.279568297453002e-06
97.1004,69.460236,50.190132930555784,2.29322340542118e-06
67.70071,47.827938,13.913109319944368,2.4975273637699628e-06
101.77201,67.49386,53.252680352565136,1.329679338230669e-06
72.81671,51.940514,20.399982277472407,2.1853999729083706e-07
66.95492,47.656746,13.181640137023896,1.3430862252718989e-06
69.23573,48.382534,15.519773152111012,1.2443701038934577e-06
98.47505,69.00084,51.15091711032845,1.4466351609918547e-06
85.81798,57.304234,34.34127283517493,1.5250018828390953e-06
87.33624,57.429016,35.71851569969109,2.414302206418783e-06
98.2495,69.087364,50.99884763536975,8.829599452005558e-07
63.80892,47.200195,10.228848360515821,1.8107322898898661e-06
109.20957,67.968925,59.931332584725524,2.7526996698269535e-06
97.583694,69.31906,50.538091137513796,9.19096224434751e-07
93.35503,68.758255,46.59555733310212,1.0930515021466623e-06
72.26632,51.100445,19.503296052741785,5.510365008123736e-07
70.5163,49.18291,17.02896729326061,1.9038312466321523e-06
91.655624,64.57858,43.03399074277429,2.243958084560549e-06
81.65439,57.7772,30.971980293500646,8.657877961753614e-07
76.016754,56.559704,25.480895326257087,1.243909348952549e-06
100.111855,68.2894,52.212708459411736,6.344767672844334e-06
72.69365,51.743988,20.19514502151473,2.2102122089850437e-06
76.67657,57.055027,26.299974037535854,2.349784279358491e-06
93.26558,68.65738,46.46765626377588,5.904546127181995e-06
62.31653,46.94403,8.808318162322728,3.3775901247355645e-06
71.94115,50.656406,18.999669977232156,4.064971682088452e-06
90.94959,61.69326,40.97989205787398,2.7288303280876395e-06
67.25657,47.720352,13.474679585354123,2.168016126868611e-06
77.74708,57.567787,27.48344289214846,4.7457405647850404e-07
104.356155,66.33866,54.913017642999066,5.783164485388506e-07
61.57074,46.763554,8.072206375535833,1.879415933577432e-06
90.48378,60.339428,39.899572684009975,1.7085979379682373e-06
103.7578,66.57987,54.51543420806462,3.417666804622204e-06
79.338486,57.871452,29.013473522645,1.668412182525607e-06
69.94244,48.774986,16.328027779035555,2.7212356601018566e-06
65.86302,47.472538,12.143921948826588,2.4071062134732927e-07
108.9728,67.25333,59.368486391411025,2.6839861443066515e-06
88.166626,57.691086,36.56868713976674,3.190728497683544e-06
69.50011,48.5168,15.815866107259385,4.354907815283249e-06
64.15734,47.247807,10.554393955208885,6.349719831039107e-07
106.73876,65.77509,56.69463312057012,6.46014922041167e-06
65.42354,47.411663,11.73288451275137,1.6099461426333466e-06
69.12091,48.328438,15.39328824477439,8.633792226969051e-07
91.79831,65.169464,43.45300386258359,6.625152124292675e-07
69.86907,48.72903,16.241509875268232,2.1339231997233054e-07
73.43703,52.982304,21.45808921007232,1.41833130169695e-06
80.06997,57.890076,29.65626843083556,2.2899322560781307e-06
97.687965,69.285385,50.611557771424124,4.357953324214727e-06
97.993706,69.18086,50.82407485183918,2.8565546321334446e-06
98.5002,68.99097,51.16776416862586,9.394082545337879e-07
77.31186,57.396797,27.02103622947865,1.1251369191841e-06
100.200325,68.248,52.26863579394003,5.014703546799005e-06
84.696144,57.37667,33.40595287803647,4.936622165249218e-07
63.052322,47.083813,9.51542367967155,5.193281547533893e-07
108.931305,67.159836,59.28580626580012,6.765282167066592e-06
91.39873,63.465813,42.25513670035099,5.515079396090507e-06
70.67719,49.314163,17.233929148858007,2.2247467394114703e-06
78.95845,57.836323,28.666788341665185,2.7025293303006006e-07
77.1564,57.323967,26.84998902659738,2.507385137331187e-06
72.75485,51.84118,20.296745936236793,6.8203779056747835e-06
93.89674,69.2225,47.296814929396135,9.142337230301523e-07
75.85218,56.41043,25.26373348869956,1.5046637521986955e-06
91.99978,65.92945,44.00747693919464,2.823052381473518e-06
100.40941,68.14945,52.400429578402104,6.962749265846322e-07
75.82119,56.38108,25.222219333745628,2.5901101662423774e-06
100.068184,68.309746,52.185067330991224,1.1509184045160156e-06
69.27798,48.40306,15.566625902673517,5.316944417398769e-06
68.08713,47.9377,14.302639841304917,1.2729998597571062e-06
76.1156,56.644176,25.60873466351086,2.302665048595624e-06
70.59317,49.244633,17.12640017383146,8.002205902915398e-07
75.14876,55.6428,24.270738745109313,9.483489538696489e-07
72.93849,52.139145,20.604763551042097,2.422945563990992e-06
61.160267,46.642998,7.656447458308161,1.0493525738511015e-06
89.36041,58.525215,38.01959769075583,2.3199790359947903e-06
77.92816,57.625885,27.669312126516516,2.75777097166492e-07
70.95355,49.558777,17.59557060671759,1.8904202580328623e-06
95.34987,69.679596,48.783810669535086,9.283641392608135e-07
60.296303,46.328224,6.750845981595066,1.6422152796541334e-06
68.79142,48.186165,15.036805186837926,1.1178388853629583e-06
73.007,52.252502,20.720774885771483,6.4453735102087614e-06
61.384605,46.710957,7.884709909192712,4.449924168456334e-07
74.54482,54.811005,23.331814420671133,3.5361070843431e-07
67.30939,47.732227,13.526360597983915,1.603087085920906e-06
81.10942,57.833633,30.528239293838954,5.411633987116142e-07
98.16553,69.11862,50.941758958907705,3.5479748485596774e-06
99.237015,68.685005,51.652883182846416,8.648019686071002e-07
93.97147,69.27005,47.3853076674743,4.367893335800281e-06
94.69014,69.57712,48.16122971526079,1.1877597896731684e-06
102.01866,67.37517,53.40694064088667,7.226594463499989e-07
73.18266,52.54751,21.020403789597214,4.062256489863881e-06
103.25039,66.80068,54.186408823108,2.5199110246841256e-06
82.157135,57.71457,31.376053594199167,3.280440847670273e-06
80.22011,57.88717,29.784841529032533,9.798055766802526e-07
75.50197,56.05521,24.782830929850785,4.895930149153965e-06
91.57112,64.21529,42.77916753971576,3.400645943519458e-06
68.68808,48.145233,14.926844160680474,1.9271296670320482e-06
93.74347,69.11367,47.109663415479226,4.6926754756937974e-07
63.62567,47.173904,10.057002310728281,1.6161936680975579e-06
100.09355,68.29793,52.20112646291709,1.179679311128236e-06
70.36545,49.066875,16.840309657833405,3.381430049489317e-06
100.467865,68.12173,52.43719246918395,9.881740148663693e-07
90.90519,61.54245,40.86603535441267,2.5074553173860236e-06
107.55025,65.87565,57.4476803750071,8.401882928524773e-07
62.307518,46.94211,8.799552611762918,3.593934564632391e-07
97.98268,69.18478,50.81647927699596,5.231107501984844e-06
87.928406,57.596226,36.31495178791704,7.482446133595832e-07
100.68833,68.01663,52.5755714036418,1.0085775771071453e-06
106.43484,65.7918,56.43978438105202,3.0255836112360565e-06
92.24896,66.72568,44.62138746323107,2.9514199528544993e-06
85.6312,57.30931,34.182056293307824,2.3274253380448925e-06
80.17133,57.888336,29.743179778369182,4.583540661221631e-07
83.765945,57.48936,32.65672171671409,9.95600423923529e-07
76.35103,56.83035,25.905710349497056,3.800915844688224e-06
92.03361,66.04701,44.09554947350843,4.7387130260634306e-06
70.16311,48.92134,16.59231080389466,6.415469186195896e-08
59.84809,46.126892,6.262016095916803,1.2026205112587284e-06
100.11781,68.28661,52.216478761737925,3.21320720455705e-06
91.96269,65.7971,43.90917929408181,9.819877388831634e-07
80.11169,57.889473,29.692098597356875,6.630667426403369e-07
81.57115,57.786705,30.904644222624288,7.114637059306992e-07
65.22337,47.385292,11.546344981055535,2.6012951140174004e-06
75.76039,56.322357,25.14020458186448,2.6878189007499565e-06
89.13948,58.312866,37.72209287495972,3.5672907626778076e-07
64.263336,47.261814,10.653192147806825,1.4359308626309998e-06
94.64974,69.56601,48.12068520914024,7.322376138343839e-06
103.55275,66.66757,54.38170280373766,4.357953768477864e-07
108.47615,66.454254,58.53883576978878,1.3100926280279636e-06
83.710495,57.49691,32.61247486010159,8.344800530337861e-07
90.38276,60.105675,39.695209945177915,1.0756957749718175e-06
85.36,57.322266,33.95366728667299,1.5443470339691772e-06
78.65645,57.79356,28.383867338412472,2.2625690033094156e-07
73.12688,52.453217,20.924948696559078,1.8228739934611687e-07
88.90617,58.12194,37.42457764431462,8.121024894542692e-07
107.78821,65.96113,57.69650088210093,1.7387840631993027e-06
70.61375,49.261456,17.152633558334283,3.5635494954273755e-06
85.36729,57.32184,33.95976678298782,3.521191657919888e-07
82.881134,57.614174,31.952858105508934,1.1139759575609812e-06
83.610146,57.51072,32.53247454182957,1.603848555269695e-06
91.25486,62.856224,41.825744904885696,2.1130207499263675e-06
81.608475,57.78248,30.934855823802973,2.068871349339723e-06
74.33641,54.489967,22.990805032735008,3.3631054721204955e-06
88.2097,57.71022,36.61555652509083,4.189641338323232e-07
81.15067,57.829887,30.5620881467925,2.3604510184177317e-06
90.97745,61.79033,41.0525481669295,6.303936955380262e-06
102.17592,67.29987,53.50548779366378,7.058970670174173e-06
80.363945,57.88253,29.90708790932922,1.8886758485012784e-06
69.68271,48.618015,16.02460982118014,2.8340714696115513e-06
107.842575,65.98546,57.7557465944812,1.966548852385949e-06
66.71343,47.610474,12.94936652951118,6.990892155672131e-07
91.69191,64.732086,43.14217321435547,4.435870628287502e-06
61.65624,46.786625,8.157786754488061,7.674909986210196e-07
64.09157,47.239017,10.49304115888741,1.394566896444195e-06
88.44267,57.82528,36.87484440884138,4.088494175602219e-06
93.24431,68.63218,46.43663275150956,3.43307342899976e-06
77.11195,57.301918,26.80047012399722,1.568207782894386e-06
72.91082,52.093674,20.558063652008773,7.239889222895643e-07
86.75098,57.338955,35.166634872862915,9.893977718298658e-07
93.4509,68.85784,46.72837448312334,3.757875842107574e-06
66.28649,47.537056,12.542916784909847,1.3809041581263947e-06
60.21954,46.29573,6.668120577976018,1.3847033093721783e-06
62.643364,47.010105,9.124401666364108,1.1093423681649038e-06
82.99758,57.597523,32.0453794899175,7.849298235473114e-07
75.99763,56.542915,25.45593891993256,4.5788649406906576e-07
83.52044,57.523205,32.46103002000486,5.309635402947569e-07
92.27011,66.78596,44.66984038797615,3.1667422626412487e-06
76.150826,56.67336,25.65383323148148,1.1350389673305886e-06
107.30673,65.81839,57.20815761717475,5.2639262859742896e-06
75.169586,55.66866,24.301705463311666,1.6389163359760794e-06
91.07968,62.16285,41.327346243547375,7.006476465796408e-07
75.96593,56.514763,25.41440909983907,4.235458270771691e-06
72.62758,51.64039,20.08612825698978,1.2706254961533084e-06
86.219795,57.305668,34.68997157363627,8.996870218421338e-07
107.32276,65.82134,57.223515100829715,2.032850232871422e-06
72.99829,52.238014,20.70598347935956,3.0298851091707852e-06
68.707596,48.152836,14.947546828933804,1.102540505710142e-06
94.65467,69.5674,48.12564903152208,6.587090689337837e-06
91.86037,65.41393,43.628976541164576,7.85478013688367e-06
63.201546,47.10858,9.657039326843185,1.744243144097065e-06
78.75449,57.80899,28.476488467157637,1.790257313619787e-06
93.60872,69.004265,46.93826494386371,3.7831832077631985e-06
90.41127,60.169785,39.75195902688288,7.6441019909281e-06
104.131004,66.426575,54.76199253939498,5.4633306595148675e-06
97.88172,69.22011,50.746714844175656,4.816000057777802e-07
102.61474,67.092155,53.781655401194506,1.192578534588845e-06
107.555756,65.87727,57.45325964593994,3.1837757250983577e-06
92.46695,67.2969,45.09578384868767,5.106209986126021e-06
72.67619,51.716484,20.16627459640269,2.3376555884187836e-06
67.452995,47.76572,13.667472007827309,1.552101406562912e-06
84.50014,57.397614,33.24667834598389,2.1340382294641778e-06
108.72133,66.77463,58.91135499036286,7.216915228264521e-07
63.114395,47.094242,9.574394886002139,3.851152412524659e-07
99.2739,68.66893,51.67679210568373,5.334663525833662e-06
84.140175,57.440384,32.956326929799324,1.2189913629632197e-06
103.43147,66.72045,54.303114455459976,3.833768317515818e-06
59.657204,46.032295,6.049405747976473,9.780637879418244e-07
93.756195,69.12332,47.12550903253976,3.5622868168685173e-06
109.13145,67.68934,59.72388295751706,3.5081210336560807e-06
90.7854,61.1595,40.57081669520497,1.8644828193376643e-06
101.67897,67.53877,53.194557182785125,4.138577036811892e-06
61.235565,46.66638,7.733349883938898,3.873549548081323e-06
67.11559,47.689766,13.337293363709215,9.810620135143374e-07
77.40126,57.435764,27.117942710143065,2.9089563682842966e-07
72.42838,51.336876,19.76185956461757,5.443092884371827e-07
75.18578,55.68863,24.3257142241296,5.389721860758458e-07
81.810165,57.75869,31.097631134530104,8.77539824144819e-07
91.10602,62.26284,41.40014936316765,4.315454445739043e-06
90.87813,61.452896,40.797821198837504,1.2478492497185287e-06
66.993416,47.664486,13.218848339120349,1.492179160932714e-06
76.052086,56.59034,25.526812508540907,3.281029239478501e-06
91.9487,65.74628,43.871657543945545,5.941565602183831e-06
89.03765,58.22564,37.590293032367605,1.181476478805069e-06
95.62015,69.6853,49.020733266122704,3.955516825293389e-06
105.923256,65.8668,56.034238253125906,1.5724562266010942e-06
104.69525,66.21385,55.14428198905783,6.489964420299729e-06
88.494125,57.853497,36.93351430905401,3.164757052973593e-06
70.16757,48.924427,16.597716708163716,7.6995600302421e-07
73.209045,52.592274,21.06563573865274,2.8250315400603656e-06
80.97919,57.844826,30.421052798555138,9.282921147699584e-07
77.03718,57.26356,26.71653842103741,2.2885121305022316e-06
65.9922,47.491493,12.26527369056786,1.5933388401541563e-06
104.72093,66.20482,55.16199946750309,2.954694238750256e-06
59.79893,46.103054,6.207523299604421,2.336203446519765e-07
84.04517,57.452446,32.880081614241504,2.068305709160157e-06
73.509964,53.107773,21.58398598981933,1.6538809405105202e-06
90.56827,60.549805,40.07793226452915,2.7150123168844536e-06
105.81155,65.88971,55.94895403486483,3.5021737184755703e-06
60.876972,46.549515,7.364365053664644,2.241677366972431e-06
91.07358,62.1399,41.31058435585605,5.881467593119487e-06
80.93023,57.848774,30.380625826255397,1.517043534234533e-06
99.701614,68.47835,51.95191097153221,1.4343705315163309e-06
65.12425,47.372433,11.454075683764422,5.004554744176335e-07
96.00299,69.664505,49.34188231724198,2.8329028794825326e-06
87.71003,57.5241,36.0897698452925,1.5962837910940025e-06
67.07552,47.681355,13.298386205336259,2.3723393575642096e-06
61.176346,46.64804,7.672893644261769,9.132619969613764e-07
83.739655,57.49293,32.635739898429335,2.002880189746811e-06
91.01076,61.90893,41.140696029177775,4.932528805585542e-06
95.77666,69.68062,49.153931307586056,2.6890844994811312e-06
92.294785,66.85496,44.72571526793496,6.560554341042013e-06
89.40667,58.574062,38.08408410096826,1.34471030581408e-07
75.35142,55.886196,24.567944592245084,2.4129484334980474e-06
90.22649,59.778687,39.396381111657426,1.4969173906696346e-06
80.50059,57.87655,30.022434501894057,3.6319030018955426e-07
91.21184,62.680096,41.70041960735776,5.078791801235929e-06
69.97291,48.79446,16.36415248988461,2.583006004076998e-06
82.67561,57.64338,31.78947332816092,2.919911186859699e-07
77.95511,57.633926,27.696671440264385,1.0734508464286116e-06
95.68245,69.684105,49.07408682417995,1.674824058112546e-06
77.285355,57.384842,26.992104766372215,2.0608174258020867e-06
66.74251,47.615845,12.97723707582514,1.9265369669978884e-06
101.096756,67.82022,52.83107266143012,1.1984476186514719e-06
60.113205,46.24939,6.552861240760257,4.5452729341055275e-07
91.64017,64.51271,42.98767645690005,3.4127719540586844e-06
69.22031,48.375122,15.502713368618835,4.6142452907088814e-06
91.748474,64.967224,43.30872892355175,5.73232590970473e-06
88.14487,57.681667,36.54513613684139,2.7621138055553893e-07
90.63152,60.716778,40.216194618479335,2.9254937922706174e-06
86.95507,57.36321,35.35550989202114,8.481985336363781e-07
84.41672,57.407063,33.17916088639631,1.0718924887113263e-06
96.45621,69.603004,49.703630600345434,3.412956990843036e-06
93.566376,68.967,46.882960479162,5.224855700920753e-07
77.953735,57.63352,27.69527824029699,1.561285755269332e-06
62.79821,47.039093,9.272996269951873,1.982801085931658e-06
76.28804,56.78256,25.827264447321493,2.9087342952959277e-06
65.886795,47.475983,12.16623498354254,1.4076942051217863e-06
72.85427,52.00136,20.462933291934576,2.0897724804090193e-07
91.0427,62.025208,41.226501083398524,1.9374586585105053e-06
108.36714,66.34303,58.38881748276177,2.7229976741900118e-06
91.52864,64.03064,42.65004824983737,4.399005537302324e-06
66.40358,47.55624,12.653912537797588,2.255789536997077e-06
96.25853,69.63428,49.54807540990693,1.0988773263487661e-06
70.447,49.12878,16.941886608260656,2.7548157214292425e-06
75.64543,56.207054,24.98299474738934,6.240563374909661e-07
108.59761,66.59918,58.716484429364854,3.164604662220424e-06
96.7626,69.542336,49.93864188248841,1.6917825238781788e-06
87.48485,57.46286,35.864137652098826,2.0004734080066164e-06
91.92407,65.65557,43.80497359517255,7.049075588520409e-06
91.267975,62.910576,41.86428065111625,4.265714271519411e-06
94.64448,69.56451,48.11538094844022,1.9160049357685026e-06
77.05267,57.271645,26.733995560245344,4.202493264497852e-06
90.7422,61.029804,40.468561275598255,5.902410859492085e-06
91.84317,65.34709,43.580670304975214,5.491221239010049e-06
103.16905,66.83717,54.13421395954509,6.330178286224933e-06
82.528534,57.66403,31.672424905896374,2.761795016784391e-06
90.1554,59.64258,39.266764690458906,4.330534854552525e-06
62.003117,46.873657,8.501707657507934,2.059810033340342e-06
73.24899,52.66022,21.134199112903058,2.2899018639084555e-06
62.124397,46.901768,8.620793264375997,1.4843533176788828e-06
60.7592,46.507973,7.241601088229338,3.783257470260888e-07
94.8665,69.61853,48.33466503542245,3.6415691199749255e-06
69.8923,48.74344,16.26883261904642,1.6037282599337883e-07
94.341606,69.458984,47.80032137340492,5.102701783428457e-07
68.44489,48.055275,14.671255662761899,1.4869797279104661e-06
92.46763,67.2985,45.0971691861386,1.1501238341643975e-06
90.489876,60.354137,39.912205501350684,6.663423022938248e-07
92.59261,67.57953,45.34592419581621,6.446252871773996e-06
91.9769,65.848236,43.94705651708707,4.06269254158247e-06
71.54891,50.17617,18.419864594997605,3.96592555000935e-06
75.39253,55.93335,24.627125336762308,3.0332094474726343e-06
87.49829,57.466167,35.87743096479097,2.1068578701116025e-07
71.9706,50.694912,19.04442711069742,4.267429255365197e-06
97.923706,69.20552,50.775781381360886,1.620854598560398e-06
61.87644,46.843052,8.376698753168577,4.590079033274091e-07
69.403595,48.466164,15.706963279787184,7.826443218638353e-07
81.06829,57.837276,30.49444042168937,6.84821426297936e-07
70.98824,49.591274,17.64186173921352,2.108580822272777e-06
73.81903,53.6377,22.116609341537064,3.758018532633216e-07
69.648605,48.59856,15.98534629410865,9.851237975340699e-07
73.7171,53.463707,21.94133992092788,2.0976872682195114e-06
90.81778,61.259613,40.64891675465909,7.936461984214342e-07
91.68062,64.68451,43.10860437407921,1.1594554179647708e-06
86.332214,57.30947,34.7892320294548,2.179853772951167e-06
92.65396,67.70644,45.462504779309775,1.972297429119637e-06
107.41029,65.83939,57.308343796124014,6.982896289242375e-06
92.45552,67.26959,45.07222920583483,3.866956455245058e-06
71.78009,50.45189,18.75793100142062,1.7112020256841566e-06
87.00354,57.370033,35.4008975160016,8.859971812706531e-07
60.457184,46.393784,6.922953404401927,2.3056304143168293e-06
75.3225,55.852585,24.526094422356437,3.333173101272792e-07
60.64668,46.466747,7.123542656231084,2.547960774206398e-07
93.506226,68.91156,46.8031504297992,2.122796043835763e-06
68.08054,47.935688,14.29592614495331,7.451993676345395e-07
70.64191,49.28469,17.188637578840826,6.770521185632734e-06
91.48657,63.847363,42.521982586469136,4.085185014058081e-06
102.22362,67.277115,53.535414699622606,3.097320858932005e-07
92.74861,67.88919,45.63584993459334,4.181147685244524e-07
72.59971,51.597115,20.040355402166472,4.7484335652728937e-07
104.50883,66.281265,55.01653736967662,3.041888949752368e-06
82.30322,57.69502,31.49279260638399,1.3582954152241533e-06
100.97779,67.877594,52.75673590292288,3.7693033311806602e-06
91.70195,64.774185,43.171913102805036,1.550596420137704e-06
105.71134,65.91201,55.873317365622405,9.045574387527363e-07
93.10398,68.45364,46.225833795568114,1.9629265997142664e-06
75.091415,55.570618,24.18498799468211,6.009313112316775e-06
75.30684,55.83423,24.503355829293465,1.920074842847438e-06
109.13041,67.68598,59.72130324894261,9.057584639197398e-07
85.9569,57.30271,34.460820658194706,1.8229245149024892e-06
102.94177,66.94049,53.989043973682676,6.285651197860256e-06
76.47626,56.921112,26.059543205222173,3.075695130325689e-06
66.10071,47.50788,12.367439853382384,3.3469290896740574e-06
97.48706,69.349304,50.46952390641406,1.922557208770566e-06
84.73065,57.37318,33.4340921612199,2.2484700031e-06
85.84524,57.303776,34.36465192877613,7.667252654466046e-07
90.333084,59.997368,39.598034175313124,9.660138272934074e-07
60.53498,46.424286,7.00557739442918,2.982801691211979e-07
74.271736,54.38732,22.88347435055921,9.71627135718389e-07
65.07225,47.36573,11.405690660282522,2.009732675116209e-06
98.125984,69.13316,50.91477651339489,2.2804725618734272e-06
73.800125,53.60552,22.08414671285211,3.933502537796516e-07
85.27851,57.32733,33.885626279367735,1.2859986950732e-07
90.61484,60.6719,40.179304268336566,7.412919715658782e-06
72.66233,51.69471,20.1433837674375,9.916432891671532e-07
100.50184,68.10559,52.45854477412054,1.33136148674282e-06
69.153114,48.34336,15.428638816758024,4.537943870787397e-06
81.35635,57.809837,30.730188071085937,4.162968697797115e-07
63.20701,47.10947,9.662215207226087,6.379411135962465e-07
74.22901,54.31878,22.812201519803093,1.0008506410704609e-06
62.431854,46.968147,8.920249652787287,1.0977219612458272e-06
74.829315,55.22218,23.783780813078366,1.6350353181030528e-06
74.090576,54.093124,22.57948525000227,3.899585133578019e-06
65.12889,47.37303,11.458393138100805,2.0251171335080505e-06
102.88513,66.96653,53.95300549480465,1.3182749387027513e-06
92.73552,67.864815,45.61232482268916,3.5995688372827025e-06
59.73239,46.07021,6.133476288190808,1.7461537002169536e-06
91.28689,62.98943,41.920084420923786,1.2748079479572675e-06
106.53476,65.78374,56.522282318421674,5.816810573964531e-06
104.83371,66.165855,55.24019215688744,3.040851648559565e-06
73.09972,52.407494,20.878564782054454,2.3033094059402635e-06
74.73898,55.095226,23.642072738652793,1.930945930405882e-06
100.25046,68.22447,52.300280807723816,4.717446271480641e-06
93.471634,68.878296,46.75656111670483,6.531310352536966e-06
91.42465,63.577984,42.33366577986876,5.740935510651051e-07
108.54666,66.53543,58.640487641885876,1.992676351823097e-06
98.45443,69.008896,51.13708993097163,1.0706812209299694e-06
106.14746,65.8275,56.208753901989105,1.944422961656314e-06
88.2454,57.726562,36.65464477452504,3.093185386714092e-07
89.54272,58.727425,38.27858728691765,4.617012911272511e-06
94.18139,69.386116,47.62513637095451,1.9675169490878756e-06
69.857796,48.722084,16.22827319219806,8.567507925684788e-07
93.48164,68.888016,46.7700854908896,6.740991058896671e-07
102.95475,66.93455,53.99730711926729,3.3547366031697993e-06
108.14934,66.1637,58.110533236261574,1.6037213865508718e-06
60.91282,46.561836,7.401571798179658,1.181140549783233e-06
72.97995,52.20761,20.674900746782768,1.4179715305246821e-06
69.18533,48.35849,15.464103142804797,2.0581373221854057e-06
82.45297,57.67452,31.61223076557815,1.1782777495345353e-06
75.40475,55.94721,24.64463636275713,3.5296582412503155e-06
94.70668,69.5815,48.17774145714699,7.551940688840751e-06
66.38989,47.553963,12.640917828852064,1.566501588255264e-06
85.68559,57.307487,34.22824863292065,3.6190688738744144e-06
91.82716,65.28422,43.535371094863265,6.413355904007766e-06
89.7041,58.929947,38.51960875431816,6.715220302739297e-07
67.60827,47.80403,13.821099239269326,2.990721732752897e-07
95.1492,69.66282,48.601635367006516,3.6367109224578767e-06
71.771065,50.44073,18.744533876154055,3.5772743591214085e-06
89.18031,58.34965,37.77584547070415,2.7669654907450158e-06
70.97144,49.575485,17.619418265590586,2.172335736623014e-06
91.24528,62.8167,41.79768398652518,1.992030244633993e-06
71.59446,50.228844,18.48564823168297,2.1357029589737003e-07
89.76611,59.014305,38.61549132785483,2.962475563771806e-06
60.1482,46.264812,6.590878979259683,1.1061637155599484e-06
90.41255,60.17267,39.7545033054543,3.043320608871385e-06
72.2048,51.013283,19.406437245196713,4.527139684191969e-07
103.00715,66.91058,54.03070692100105,3.140281415983935e-06
94.840866,69.613205,48.30980368568249,1.7863783896407156e-06
67.78788,47.85128,14.000271495344057,8.848506740649008e-07
68.921295,48.24004,15.176217771142925,1.4207431057889373e-06
65.37079,47.40465,11.68369467538145,1.250509031342033e-06
79.12666,57.85429,28.82144561897,9.719653724606533e-07
70.87838,49.489754,17.495959776990244,5.6684970627696205e-08
62.683712,47.017796,9.163188942217568,1.1900931212964005e-06
87.21895,57.405693,35.60527821066969,2.4004495292423585e-06
79.231995,57.86356,28.917302790630444,2.1650083196138535e-06
85.43817,57.3179,34.01918162569935,9.730794031059403e-07
83.24183,57.5626,32.23944411872505,4.080390364681165e-07
71.28004,49.8813,18.03957961733191,2.818306642477608e-06
63.85177,47.206207,10.268962495013408,2.3471488712275306e-07
73.643036,53.33666,21.813673103240287,2.0456068620596325e-06
74.49638,54.73781,23.25327042552094,8.484224365805803e-06
62.014904,46.876442,8.513307013135197,7.331186782465313e-07
76.85078,57.16078,26.50372092248829,5.560782241640361e-06
106.00844,65.850784,56.099998225722764,3.453246308684646e-06
89.04281,58.229904,37.59689245673783,3.7060922573725134e-06
66.20708,47.524403,12.467819516965818,8.854244148363003e-07
73.70315,53.4398,21.917302235384344,3.4769289045895865e-06
90.344604,60.022118,39.62038786418462,2.84376738505789e-06
77.9424,57.63015,27.68377728613299,2.090400565589158e-06
72.10098,50.869507,19.244639180517307,2.1268468825777753e-06
88.27256,57.739296,36.684533654530156,1.271871401135848e-06
86.03778,57.30278,34.530897413499034,2.444024478712143e-06
106.53433,65.78376,56.521925807827806,3.8123535759525414e-06
90.515915,60.417786,39.96658101941011,1.605047111534384e-06
76.8132,57.138786,26.460178990741593,4.2495673357179035e-07
96.25579,69.63467,49.54589522507621,3.672686250795677e-06
89.20851,58.375675,37.813278563762026,2.1479930362492566e-06
84.65648,57.380756,33.37364524167859,2.1763096562878644e-07
69.06832,48.30447,15.3357596138082,1.0211692444207383e-06
88.200775,57.706203,36.605819022079444,4.936699552310927e-07
68.87168,48.219135,15.122796960010843,2.5308334868686053e-06
70.08375,48.867264,16.496545045310906,3.757377177370081e-06
102.697266,67.05359,53.83384246906592,8.205939317450805e-07
103.79439,66.56447,54.53941764247072,2.1261173864009566e-06
79.02786,57.844223,28.730848447028233,2.6386259294856226e-06
91.960556,65.78938,43.90347244844601,1.6053260939250087e-06
67.67479,47.82115,13.887267385511235,3.1602848425777157e-07
108.290955,66.274345,58.28849719020443,5.2348179246135835e-06
77.75396,57.57013,27.490572325507856,3.0624534051484677e-06
105.92259,65.86693,56.033726353269635,1.9179366197104275e-06
65.65896,47.44366,11.952762156823793,4.0419999632175994e-07
74.81486,55.202095,23.761218965186202,2.5274821619115755e-06
91.2688,62.913998,41.8667045511217,2.820873525657638e-06
74.90337,55.32367,23.898660246931872,1.4837861434241366e-06
65.2675,47.391052,11.58744364507978,2.600489872945501e-08
74.96747,55.40959,23.997132158291,1.0190986401615216e-07
81.52294,57.792076,30.865579729205017,6.126283138622885e-07
72.29049,51.135082,19.541545716492006,9.035819762025748e-07
63.81196,47.200623,10.231694959833193,1.8106525654052187e-06
92.368774,67.053085,44.88884825254718,2.599721849894351e-06
73.19418,52.56704,21.040144847933174,2.482926881809393e-06
67.026276,47.671177,13.250651602355171,1.223684029160258e-06
72.813805,51.935818,20.39511671677646,3.3993133991734057e-06
91.527756,64.02682,42.64737708052391,2.184713160961637e-06
91.381546,63.39167,42.20317533586118,5.684761776796181e-06
75.74131,56.303604,25.114303799791077,2.1557381589482626e-07
66.84778,47.635742,13.078352826984707,2.9207194342909057e-06
75.32935,55.860588,24.536029968134493,5.07629368444101e-06
90.15506,59.641937,39.26614632636444,4.137287191472887e-07
78.43132,57.752106,28.16817246150327,1.0710342570678711e-06
67.4036,47.753998,13.61883307418457,2.5712624927855487e-06
79.44348,57.87784,29.107593158884733,4.837098340750827e-06
72.78293,51.886124,20.34353222071998,1.74175547078709e-06
63.497665,47.1549,9.936645098495504,2.100754909063645e-07
78.452,57.75628,28.188168026191665,2.183280886220176e-06
74.60514,54.90091,23.42900476389358,1.40566163654949e-06
70.95133,49.55671,17.59261467012001,9.452712471773422e-07
63.405975,47.14093,9.850254090002501,7.533157528590789e-07
62.25726,46.931282,8.750613460716774,1.5641267475147577e-06
103.14009,66.850235,54.11566041426366,7.801463204051436e-07
93.87184,69.20588,47.266940256265485,3.7555400297322747e-07
71.068146,49.667698,17.749273597575762,1.4882033383518164e-06
91.745514,64.955055,43.3000804734401,4.901994702345852e-06
92.397835,67.12747,44.95120955324297,8.227289993487786e-07
79.49245,57.880356,29.151262713299555,1.5362359234333838e-06
67.439514,47.762497,13.654185570776368,4.270790906868291e-07
89.4984,58.67582,38.21440411430773,5.120406371115527e-07
65.85608,47.471535,12.137410490568913,2.7002224160765255e-07
88.19357,57.702984,36.59796993546082,2.3849736877557706e-06
100.70323,68.0095,52.5849088686551,1.3815820983892867e-06
75.34665,55.880684,24.561058934029518,2.069002454293735e-06
92.35115,67.007034,44.85055815286624,5.654937368171475e-06
74.65145,54.968967,23.50313925724701,4.154897976913878e-07
107.554955,65.87704,57.452449499816105,3.773830615080544e-06
82.36133,57.687115,31.5391653906741,8.597533811440763e-07
64.15521,47.24752,10.552407345873386,2.9727766866534326e-06
99.85594,68.40788,52.05033176757028,8.282399870856872e-06
86.2427,57.306313,34.71013093294815,1.6416527375412463e-07
71.23525,49.83481,17.97754719638783,4.594152896886213e-06
62.012077,46.875774,8.510525153291761,9.749213332540508e-07
88.08503,57.65656,36.48075985432235,3.851635353959943e-07
90.30103,59.9297,39.53644391729128,3.960932290683514e-06
97.50038,69.34519,50.47900388922097,5.778451547775315e-07
78.20935,57.702457,27.951115924676447,3.4640948735593016e-07
89.69249,58.914574,38.50186758526499,1.015257629013568e-06
77.78333,57.579998,27.520941636434223,1.1446382886782483e-06
102.222565,67.27762,53.534752385710874,1.9018514699997468e-06
103.37663,66.7446,54.26769127999437,3.1418928367124498e-06
88.05079,57.642715,36.44418441331947,2.0090949843473224e-06
61.323864,46.69306,7.823158561430331,2.3821772389278382e-06
99.09203,68.74754,51.55859323824682,4.938529750627578e-06
63.55176,47.163,9.98754264898813,1.1737697614744517e-06
61.390564,46.712692,7.890738315541328,1.257881147422955e-06
91.99266,65.904305,43.98873535143581,1.6786956059392579e-06
85.971016,57.302673,34.4730249593995,1.483652973843516e-06
76.34292,56.824272,25.895647339721084,1.1869679122390967e-06
85.57265,57.311577,34.13248127064899,2.5347442160821626e-06
60.723568,46.495083,7.204297983006732,1.6809018228402613e-07
75.2715,55.7924,24.451834797598963,8.529397876889525e-07
90.50387,60.388172,39.941340829866625,1.981506923182245e-06
71.57442,50.20557,18.456656208146278,1.0931137886446287e-06
107.392746,65.8355,57.29120454567228,5.622120804685596e-06
64.48219,47.29025,10.85694386324975,5.398325010170146e-07
86.88357,57.353905,35.28893686427605,3.096072906744928e-07
69.25433,48.391533,15.540380368224152,1.3253928284832781e-06
108.74148,66.806335,58.94465916296153,1.0193930088347997e-06
103.59305,66.650154,54.40789909332276,4.629672409471008e-06
70.04951,48.84444,16.455480109759577,3.831701576320687e-06
74.51631,54.76802,23.285630649958456,1.715118901342664e-06
86.23917,57.30621,34.70702202748271,8.21833548374615e-07
88.88016,58.102543,37.392353249706645,3.7507711237557843e-06
72.96931,52.189995,20.656877280295014,1.6472262099331548e-06
62.359524,46.95313,8.85010119095975,1.7474052041691679e-07
61.24078,46.66798,7.738665516321811,1.8222009697267821e-06
74.017296,53.9717,22.455313096928982,1.1789306367169272e-06
84.35088,57.41473,33.125975889298715,1.934928566616264e-06
99.65326,68.50026,51.92098752695109,1.5723442138575674e-06
66.53338,47.578316,12.777360239524876,2.231488563373433e-07
83.44702,57.53351,32.40259784917627,2.2927693469089967e-06
63.372417,47.135735,9.81859522712536,1.192479627015109e-06
66.02347,47.49617,12.294692836471693,1.7848461185942741e-06
